/*
 Navicat Premium Data Transfer

 Source Server         : mrmtech.net
 Source Server Type    : MySQL
 Source Server Version : 100512
 Source Host           : 212.1.208.201:3306
 Source Schema         : u156469157_poc_ca

 Target Server Type    : MySQL
 Target Server Version : 100512
 File Encoding         : 65001

 Date: 31/03/2023 14:11:44
*/

SET NAMES utf8mb4;
SET FOREIGN_KEY_CHECKS = 0;

-- ----------------------------
-- Table structure for departments
-- ----------------------------
DROP TABLE IF EXISTS `departments`;
CREATE TABLE `departments`  (
  `id` varchar(255) CHARACTER SET utf8mb4 COLLATE utf8mb4_unicode_ci NULL DEFAULT NULL,
  `department` varchar(255) CHARACTER SET utf8mb4 COLLATE utf8mb4_unicode_ci NULL DEFAULT NULL
) ENGINE = InnoDB CHARACTER SET = utf8mb4 COLLATE = utf8mb4_unicode_ci ROW_FORMAT = Dynamic;

-- ----------------------------
-- Records of departments
-- ----------------------------
INSERT INTO `departments` VALUES ('1', 'Product Management');
INSERT INTO `departments` VALUES ('2', 'Sales');
INSERT INTO `departments` VALUES ('3', 'Research and Development');
INSERT INTO `departments` VALUES ('4', 'Business Development');
INSERT INTO `departments` VALUES ('5', 'Engineering');
INSERT INTO `departments` VALUES ('6', 'Human Resources');
INSERT INTO `departments` VALUES ('7', 'Services');
INSERT INTO `departments` VALUES ('8', 'Support');
INSERT INTO `departments` VALUES ('9', 'Marketing');
INSERT INTO `departments` VALUES ('10', 'Training');
INSERT INTO `departments` VALUES ('11', 'Legal');
INSERT INTO `departments` VALUES ('12', 'Accounting');

-- ----------------------------
-- Table structure for hired_employees
-- ----------------------------
DROP TABLE IF EXISTS `hired_employees`;
CREATE TABLE `hired_employees`  (
  `id` varchar(255) CHARACTER SET utf8mb4 COLLATE utf8mb4_unicode_ci NULL DEFAULT NULL,
  `name` varchar(255) CHARACTER SET utf8mb4 COLLATE utf8mb4_unicode_ci NULL DEFAULT NULL,
  `datetime` varchar(255) CHARACTER SET utf8mb4 COLLATE utf8mb4_unicode_ci NULL DEFAULT NULL,
  `department_id` varchar(255) CHARACTER SET utf8mb4 COLLATE utf8mb4_unicode_ci NULL DEFAULT NULL,
  `job_id` varchar(255) CHARACTER SET utf8mb4 COLLATE utf8mb4_unicode_ci NULL DEFAULT NULL
) ENGINE = InnoDB CHARACTER SET = utf8mb4 COLLATE = utf8mb4_unicode_ci ROW_FORMAT = Dynamic;

-- ----------------------------
-- Records of hired_employees
-- ----------------------------
INSERT INTO `hired_employees` VALUES ('1', 'Harold Vogt', '2021-11-07T02:48:42Z', '2', '96');
INSERT INTO `hired_employees` VALUES ('2', 'Ty Hofer', '2021-05-30T05:43:46Z', '8', NULL);
INSERT INTO `hired_employees` VALUES ('3', 'Lyman Hadye', '2021-09-01T23:27:38Z', '5', '52');
INSERT INTO `hired_employees` VALUES ('4', 'Lotti Crowthe', '2021-10-01T13:04:21Z', '12', '71');
INSERT INTO `hired_employees` VALUES ('5', 'Gretna Lording', '2021-10-10T22:22:17Z', '6', '80');
INSERT INTO `hired_employees` VALUES ('6', 'Marlow Antecki', '2021-04-23T23:45:42Z', '6', '95');
INSERT INTO `hired_employees` VALUES ('7', 'Joan Rillett', '2021-10-10T01:33:31Z', '9', '78');
INSERT INTO `hired_employees` VALUES ('8', 'Ulrick Nucciotti', '2021-07-24T01:28:40Z', '8', '169');
INSERT INTO `hired_employees` VALUES ('9', 'Lucretia Northcote', '2021-04-01T21:22:47Z', '9', '8');
INSERT INTO `hired_employees` VALUES ('10', 'Arty Giacobo', '2022-02-08T12:27:07Z', '6', '62');
INSERT INTO `hired_employees` VALUES ('11', 'Libbi Dowtry', '2021-07-05T04:55:10Z', '6', '41');
INSERT INTO `hired_employees` VALUES ('12', 'Jacky Oldred', '2021-06-20T11:59:41Z', '7', '29');
INSERT INTO `hired_employees` VALUES ('13', 'Raine Mowett', '2021-12-23T08:23:34Z', '8', '83');
INSERT INTO `hired_employees` VALUES ('14', 'Melonie Slocomb', '2021-12-30T23:08:59Z', '12', '121');
INSERT INTO `hired_employees` VALUES ('15', 'Robers Swinden', '2021-02-16T20:00:38Z', '5', '47');
INSERT INTO `hired_employees` VALUES ('16', 'Bone Serridge', '2021-06-21T09:11:06Z', '8', '121');
INSERT INTO `hired_employees` VALUES ('17', 'Andee Tillot', '2021-04-01T10:28:22Z', '8', '65');
INSERT INTO `hired_employees` VALUES ('18', 'Gay Philbin', '2021-12-24T13:40:11Z', '6', '102');
INSERT INTO `hired_employees` VALUES ('19', 'Loralie Dundin', '2021-10-19T20:10:46Z', '8', '68');
INSERT INTO `hired_employees` VALUES ('20', 'Tobi Lawton', '2022-02-20T07:46:22Z', '6', '85');
INSERT INTO `hired_employees` VALUES ('21', 'Mandel Nayer', '2021-12-18T22:55:26Z', '2', '121');
INSERT INTO `hired_employees` VALUES ('22', 'Toddy Gare', '2021-12-05T18:00:50Z', '5', '25');
INSERT INTO `hired_employees` VALUES ('23', 'Jeremias Goudy', '2021-10-01T08:16:32Z', '7', '36');
INSERT INTO `hired_employees` VALUES ('24', 'Lemar Aronsohn', '2021-07-13T15:39:49Z', '8', '93');
INSERT INTO `hired_employees` VALUES ('25', 'Tanner Jopling', '2021-10-16T05:41:59Z', '10', '53');
INSERT INTO `hired_employees` VALUES ('26', 'Bartolomeo Fetherstone', '2021-02-07T09:03:49Z', '5', '65');
INSERT INTO `hired_employees` VALUES ('27', 'Elvina Bycraft', '2021-09-29T20:34:33Z', '7', '74');
INSERT INTO `hired_employees` VALUES ('28', 'Letitia Bastin', '2021-11-20T15:33:14Z', '6', '134');
INSERT INTO `hired_employees` VALUES ('29', 'Warner Astbury', '2021-08-30T17:22:09Z', '6', '67');
INSERT INTO `hired_employees` VALUES ('30', 'Geri Pennings', '2022-02-16T21:08:33Z', '4', '33');
INSERT INTO `hired_employees` VALUES ('31', 'Jerald Gilder', '2022-01-15T02:33:31Z', '4', '74');
INSERT INTO `hired_employees` VALUES ('32', 'Wilt Di Francesco', '2021-09-26T21:51:10Z', '9', '82');
INSERT INTO `hired_employees` VALUES ('33', 'Aldwin Hellmore', '2021-09-27T11:12:00Z', '10', '49');
INSERT INTO `hired_employees` VALUES ('34', 'Corena Heritege', '2021-05-08T01:43:42Z', '4', '31');
INSERT INTO `hired_employees` VALUES ('35', 'Malchy Pontain', '2022-02-20T10:39:43Z', '11', '178');
INSERT INTO `hired_employees` VALUES ('36', 'Gasparo Ofen', '2021-11-07T11:41:10Z', '4', '57');
INSERT INTO `hired_employees` VALUES ('37', 'Nikkie Whinray', '2021-12-30T05:37:33Z', '7', '114');
INSERT INTO `hired_employees` VALUES ('38', 'Louisa Binion', '2021-02-11T14:29:26Z', '8', '54');
INSERT INTO `hired_employees` VALUES ('39', 'Brook Tant', '2021-09-27T12:50:01Z', '10', '113');
INSERT INTO `hired_employees` VALUES ('40', 'Cly Butt', '2022-01-01T06:33:57Z', '8', '75');
INSERT INTO `hired_employees` VALUES ('41', 'Jena Iacomi', '2021-05-04T19:49:00Z', '9', '37');
INSERT INTO `hired_employees` VALUES ('42', 'Pail Syne', '2021-09-14T03:08:04Z', '7', '26');
INSERT INTO `hired_employees` VALUES ('43', 'Agneta Rae', '2021-09-29T12:36:18Z', '3', '51');
INSERT INTO `hired_employees` VALUES ('44', 'Lanae Pedrozzi', '2021-05-14T18:26:59Z', '5', '118');
INSERT INTO `hired_employees` VALUES ('45', 'Gipsy Cabrera', '2021-12-17T11:47:44Z', '12', '138');
INSERT INTO `hired_employees` VALUES ('46', 'Philly Beecraft', '2021-03-03T14:48:53Z', '8', '59');
INSERT INTO `hired_employees` VALUES ('47', 'Jimmie Jack', '2021-02-04T07:50:18Z', '4', '64');
INSERT INTO `hired_employees` VALUES ('48', 'Lonee Hegden', '2021-06-07T09:12:33Z', '10', '58');
INSERT INTO `hired_employees` VALUES ('49', 'Annecorinne Verny', '2021-05-08T23:05:13Z', '9', '140');
INSERT INTO `hired_employees` VALUES ('50', 'Marybelle Henrichsen', '2021-06-17T10:02:48Z', '10', '53');
INSERT INTO `hired_employees` VALUES ('51', 'Moe Kender', '2022-02-03T08:06:34Z', '7', '35');
INSERT INTO `hired_employees` VALUES ('52', 'Trudie Arboin', '2021-10-12T02:10:35Z', '6', '76');
INSERT INTO `hired_employees` VALUES ('53', 'Rebbecca Bazely', '2021-11-14T21:00:10Z', '9', '115');
INSERT INTO `hired_employees` VALUES ('54', 'Bevin Battlestone', '2021-11-13T08:29:11Z', '7', '53');
INSERT INTO `hired_employees` VALUES ('55', 'Marielle Nasi', '2022-02-02T00:11:54Z', '10', '34');
INSERT INTO `hired_employees` VALUES ('56', 'Orelie Gauvin', '2022-01-29T13:52:35Z', '3', '40');
INSERT INTO `hired_employees` VALUES ('57', 'Meggie Dulwitch', '2022-01-25T18:58:12Z', '4', '65');
INSERT INTO `hired_employees` VALUES ('58', 'Elia DEnrico', '2021-08-29T23:24:48Z', '11', '38');
INSERT INTO `hired_employees` VALUES ('59', 'Sharron Stammirs', '2022-02-01T15:49:52Z', '2', '38');
INSERT INTO `hired_employees` VALUES ('60', 'Washington Schleswig-Holstein', '2022-01-30T11:38:20Z', '5', '91');
INSERT INTO `hired_employees` VALUES ('61', 'Artemus Featherby', '2021-02-26T22:38:18Z', '4', '128');
INSERT INTO `hired_employees` VALUES ('62', 'Lou Hurd', '2021-10-14T19:06:01Z', '5', '96');
INSERT INTO `hired_employees` VALUES ('63', 'Tanhya Ort', '2021-06-15T06:17:11Z', '7', '104');
INSERT INTO `hired_employees` VALUES ('64', 'Florella Haquin', '2022-02-11T06:39:40Z', '7', '61');
INSERT INTO `hired_employees` VALUES ('65', 'Saundra Franzini', '2021-12-29T01:42:44Z', '5', '51');
INSERT INTO `hired_employees` VALUES ('66', 'Redford Rilton', '2021-04-13T22:51:46Z', '10', '75');
INSERT INTO `hired_employees` VALUES ('67', 'Thia Morican', '2021-03-10T19:27:10Z', '104', '');
INSERT INTO `hired_employees` VALUES ('68', 'Perceval MacLice', '2021-03-16T20:21:07Z', '5', '15');
INSERT INTO `hired_employees` VALUES ('69', 'Sidoney Ciobutaru', '2021-03-08T09:28:55Z', '7', '123');
INSERT INTO `hired_employees` VALUES ('70', 'Ted Dungay', '2021-08-09T20:13:21Z', '4', '95');
INSERT INTO `hired_employees` VALUES ('71', 'Brandea Sinott', '2021-12-11T01:47:11Z', '12', '72');
INSERT INTO `hired_employees` VALUES ('72', 'Judy Chifney', '2021-10-22T18:48:13Z', '10', '61');
INSERT INTO `hired_employees` VALUES ('73', 'Matthus Szymanzyk', '2021-04-26T04:21:25Z', '7', '3');
INSERT INTO `hired_employees` VALUES ('74', 'Wilma Duplain', '2021-02-21T08:24:12Z', '5', '87');
INSERT INTO `hired_employees` VALUES ('75', 'Xylia Furlow', '2021-10-12T17:24:25Z', '8', '60');
INSERT INTO `hired_employees` VALUES ('76', 'Carver Kirman', '2022-01-28T17:32:21Z', '4', '121');
INSERT INTO `hired_employees` VALUES ('77', 'Fayette Prati', '2021-07-29T08:29:27Z', '7', '78');
INSERT INTO `hired_employees` VALUES ('78', 'Christalle Constantine', '2021-10-04T21:24:21Z', '7', '161');
INSERT INTO `hired_employees` VALUES ('79', 'Ashley Dickey', '2021-10-24T01:04:52Z', '10', '67');
INSERT INTO `hired_employees` VALUES ('80', 'Angelika Stock', '2022-02-12T23:11:53Z', '6', '163');
INSERT INTO `hired_employees` VALUES ('81', 'Caril Bewsey', '2022-01-22T05:56:43Z', '1', '73');
INSERT INTO `hired_employees` VALUES ('82', 'Lief Bridgeman', '2021-05-25T00:35:53Z', '12', '25');
INSERT INTO `hired_employees` VALUES ('83', 'Barth Bere', '2021-09-22T21:50:08Z', '9', '90');
INSERT INTO `hired_employees` VALUES ('84', 'Ludvig Norwood', '2021-02-26T18:47:53Z', '3', NULL);
INSERT INTO `hired_employees` VALUES ('85', 'Dev Ingleson', '2021-07-01T15:47:16Z', '7', '90');
INSERT INTO `hired_employees` VALUES ('86', 'Vinnie Andri', '2021-10-31T08:53:54Z', '4', '51');
INSERT INTO `hired_employees` VALUES ('87', 'Cirstoforo Martinetto', '2021-10-15T09:19:20Z', '84', '');
INSERT INTO `hired_employees` VALUES ('88', 'Rosabelle Sterzaker', '2021-03-12T14:32:57Z', '5', '124');
INSERT INTO `hired_employees` VALUES ('89', 'Rodrique Fearnehough', '2021-12-01T13:30:50Z', '4', '57');
INSERT INTO `hired_employees` VALUES ('90', 'Germana Bote', '2021-05-30T17:02:38Z', '4', '48');
INSERT INTO `hired_employees` VALUES ('91', 'Rolf Tythacott', '2021-04-16T15:32:45Z', '5', '76');
INSERT INTO `hired_employees` VALUES ('92', 'Floria Peniello', '2021-12-24T08:38:29Z', '4', '81');
INSERT INTO `hired_employees` VALUES ('93', 'Belinda Savaage', '2021-06-04T09:39:59Z', '4', '48');
INSERT INTO `hired_employees` VALUES ('94', 'Zachariah Comberbach', '2021-10-01T16:14:13Z', '5', '150');
INSERT INTO `hired_employees` VALUES ('95', 'Lowell Woollin', '2021-05-17T18:22:06Z', '8', '95');
INSERT INTO `hired_employees` VALUES ('96', 'Creight Rutter', '2021-06-29T23:57:57Z', '7', '76');
INSERT INTO `hired_employees` VALUES ('97', 'Beltran Natte', '2021-11-01T05:12:01Z', '67', '');
INSERT INTO `hired_employees` VALUES ('98', 'Colman Casale', '2021-10-12T17:55:32Z', '10', '64');
INSERT INTO `hired_employees` VALUES ('99', 'Marlo Tott', '2021-05-18T00:45:21Z', '8', '29');
INSERT INTO `hired_employees` VALUES ('100', 'Karita Kettlestringes', '2021-06-19T03:14:14Z', '7', '99');
INSERT INTO `hired_employees` VALUES ('101', 'Jenn Fumagallo', '2021-09-19T04:46:12Z', '7', '80');
INSERT INTO `hired_employees` VALUES ('102', 'Ogden Ough', '2021-03-29T19:31:33Z', '7', '138');
INSERT INTO `hired_employees` VALUES ('103', 'Cathy Blundin', '2021-07-29T08:55:15Z', '7', '66');
INSERT INTO `hired_employees` VALUES ('104', 'Wenda Kaes', '2021-11-21T13:03:25Z', '4', '68');
INSERT INTO `hired_employees` VALUES ('105', 'Jewelle Mathis', '2021-08-13T11:18:32Z', '12', '66');
INSERT INTO `hired_employees` VALUES ('106', 'Jasper Matterdace', '2021-07-13T06:34:38Z', '8', '68');
INSERT INTO `hired_employees` VALUES ('107', 'Welby Crocumbe', '2021-09-04T16:39:58Z', '4', '107');
INSERT INTO `hired_employees` VALUES ('108', 'Marlie Gannicott', '2021-08-15T15:50:29Z', '6', '24');
INSERT INTO `hired_employees` VALUES ('109', 'Bethanne Hurlin', '2021-03-16T15:21:23Z', '6', '78');
INSERT INTO `hired_employees` VALUES ('110', 'Renee Bridie', '2021-08-31T20:26:32Z', '4', '17');
INSERT INTO `hired_employees` VALUES ('111', 'Zsazsa Pash', '2021-08-01T03:27:48Z', '5', '26');
INSERT INTO `hired_employees` VALUES ('112', 'Brett Griffey', '2021-06-11T05:54:00Z', '5', '103');
INSERT INTO `hired_employees` VALUES ('113', 'Carlee Joyce', '2021-10-02T19:35:28Z', '4', '52');
INSERT INTO `hired_employees` VALUES ('114', 'Grady Conman', '2021-04-27T09:27:22Z', '3', '63');
INSERT INTO `hired_employees` VALUES ('115', 'Wilbert Cluer', '2021-03-31T12:27:59Z', '6', '39');
INSERT INTO `hired_employees` VALUES ('116', 'Ardys Pirozzi', '2021-11-07T09:12:54Z', '3', '39');
INSERT INTO `hired_employees` VALUES ('117', 'Putnem Lippiello', '2021-04-23T19:34:46Z', '8', '72');
INSERT INTO `hired_employees` VALUES ('118', 'Blondell Pybus', '2021-04-30T04:32:07Z', '11', '38');
INSERT INTO `hired_employees` VALUES ('119', 'Lucky Hadkins', '2021-11-24T18:37:55Z', '7', '71');
INSERT INTO `hired_employees` VALUES ('120', 'Brietta Gillmore', '2021-05-24T04:35:22Z', '2', '41');
INSERT INTO `hired_employees` VALUES ('121', 'Cristy Sockell', '2021-07-30T11:31:36Z', '8', '48');
INSERT INTO `hired_employees` VALUES ('122', 'Gnni Gudgin', '2021-10-09T13:49:28Z', '7', '53');
INSERT INTO `hired_employees` VALUES ('123', 'Alisha Headings', '2022-01-30T20:44:35Z', '9', '89');
INSERT INTO `hired_employees` VALUES ('124', 'Merrill Symons', '2022-01-30T03:02:22Z', '4', '73');
INSERT INTO `hired_employees` VALUES ('125', 'Gerri Baton', '2021-02-05T01:06:53Z', '8', '54');
INSERT INTO `hired_employees` VALUES ('126', 'Olly Tully', '2021-09-01T18:16:34Z', '7', '62');
INSERT INTO `hired_employees` VALUES ('127', 'Corinne Woofinden', '2021-12-31T09:40:30Z', '12', '123');
INSERT INTO `hired_employees` VALUES ('128', 'Reuven Chatto', '2022-02-09T19:08:59Z', '11', '56');
INSERT INTO `hired_employees` VALUES ('129', 'Stephana Gawthrop', '2021-02-15T00:32:18Z', '8', '79');
INSERT INTO `hired_employees` VALUES ('130', 'Ferris Hammerberger', '2021-10-19T08:43:38Z', '9', '126');
INSERT INTO `hired_employees` VALUES ('131', 'Angie McMurray', '2021-10-23T18:14:59Z', '7', '149');
INSERT INTO `hired_employees` VALUES ('132', 'Gypsy Baselio', '2021-06-13T17:21:57Z', '4', '132');
INSERT INTO `hired_employees` VALUES ('133', 'Jennine Wapol', '2022-01-24T14:45:57Z', '49', '');
INSERT INTO `hired_employees` VALUES ('134', 'Lacee OHingerty', '2021-05-17T12:56:53Z', '10', '147');
INSERT INTO `hired_employees` VALUES ('135', 'Foster Hobbing', '2022-01-31T02:27:30Z', '9', '64');
INSERT INTO `hired_employees` VALUES ('136', 'Meryl Kew', '2021-04-20T12:03:35Z', '6', '84');
INSERT INTO `hired_employees` VALUES ('137', 'Ichabod Maloney', '2021-09-07T09:32:33Z', '6', '68');
INSERT INTO `hired_employees` VALUES ('138', 'Conrad Stoad', '2022-01-23T01:07:44Z', '5', '113');
INSERT INTO `hired_employees` VALUES ('139', 'Celina Caris', '2021-03-23T09:04:56Z', '3', '145');
INSERT INTO `hired_employees` VALUES ('140', 'Putnam Dodd', '2021-02-01T12:28:13Z', '9', '117');
INSERT INTO `hired_employees` VALUES ('141', 'Marylin Brommage', '2021-04-24T15:32:05Z', '6', '44');
INSERT INTO `hired_employees` VALUES ('142', 'Reginald Folca', '2021-03-19T23:47:07Z', '8', '80');
INSERT INTO `hired_employees` VALUES ('143', 'Elston Millam', '2021-04-28T17:36:53Z', '5', '43');
INSERT INTO `hired_employees` VALUES ('144', 'Angel Andrzejczak', '2022-01-29T22:53:00Z', '9', '69');
INSERT INTO `hired_employees` VALUES ('145', 'Gretel Chittenden', '2021-11-22T11:13:05Z', '5', '128');
INSERT INTO `hired_employees` VALUES ('146', 'Deirdre Hiley', '2021-08-25T02:07:11Z', '7', '111');
INSERT INTO `hired_employees` VALUES ('147', 'Gaston Rayne', '2021-09-29T15:22:40Z', '6', '50');
INSERT INTO `hired_employees` VALUES ('148', 'Rourke Inchbald', '2021-12-25T03:09:37Z', '8', '64');
INSERT INTO `hired_employees` VALUES ('149', 'Katlin Haxby', '2021-10-28T19:12:05Z', '6', '21');
INSERT INTO `hired_employees` VALUES ('150', 'Valentia Kellegher', '2021-11-13T13:30:30Z', '4', '51');
INSERT INTO `hired_employees` VALUES ('151', 'Jarrett Oluwatoyin', '2021-02-11T21:25:17Z', '8', '34');
INSERT INTO `hired_employees` VALUES ('152', 'Kori Foxton', '2021-04-10T14:02:38Z', '5', '95');
INSERT INTO `hired_employees` VALUES ('153', 'Truman Garriock', '2021-09-08T13:11:26Z', '11', '88');
INSERT INTO `hired_employees` VALUES ('154', 'Lurette Erwin', '2021-09-16T19:02:39Z', '5', '37');
INSERT INTO `hired_employees` VALUES ('155', 'Jewel Valeri', '2021-09-18T14:37:49Z', '11', '60');
INSERT INTO `hired_employees` VALUES ('156', 'Mikel Searby', '2021-05-08T14:39:59Z', '8', '54');
INSERT INTO `hired_employees` VALUES ('157', 'Kellia Barribal', '4', '61', '');
INSERT INTO `hired_employees` VALUES ('158', 'Rube Dockerty', '2021-07-25T12:54:20Z', '4', '62');
INSERT INTO `hired_employees` VALUES ('159', 'Gayleen Beslier', '2021-11-18T11:53:15Z', '7', '46');
INSERT INTO `hired_employees` VALUES ('160', 'Sher Nolleau', '2022-01-02T10:43:20Z', '3', '51');
INSERT INTO `hired_employees` VALUES ('161', 'Nobe Mackrell', '2021-09-16T06:31:59Z', '8', '130');
INSERT INTO `hired_employees` VALUES ('162', '2021-04-22T14:31:39Z', '4', '91', '');
INSERT INTO `hired_employees` VALUES ('163', 'Nerta Cutteridge', '2021-06-23T22:38:42Z', '7', '68');
INSERT INTO `hired_employees` VALUES ('164', 'Geraldine Playden', '2022-02-14T06:05:35Z', '7', '47');
INSERT INTO `hired_employees` VALUES ('165', 'Charleen Billin', '2021-11-10T00:57:25Z', '8', '69');
INSERT INTO `hired_employees` VALUES ('166', 'Hollis Goves', '2021-08-17T13:58:25Z', '9', '69');
INSERT INTO `hired_employees` VALUES ('167', 'Alexis Jamson', '2021-03-18T00:15:36Z', '4', '102');
INSERT INTO `hired_employees` VALUES ('168', 'Toinette Sammut', '2021-04-17T07:54:48Z', '7', '93');
INSERT INTO `hired_employees` VALUES ('169', 'Dannye Juszczak', '2021-06-23T21:25:21Z', '7', '86');
INSERT INTO `hired_employees` VALUES ('170', 'Kimberlyn Coule', '2021-03-15T10:47:48Z', '6', '62');
INSERT INTO `hired_employees` VALUES ('171', 'Charis Muzzini', '2021-06-23T20:53:31Z', '9', '159');
INSERT INTO `hired_employees` VALUES ('172', 'Roselle Leate', '2021-03-19T02:20:30Z', '9', '83');
INSERT INTO `hired_employees` VALUES ('173', 'Myra Corington', '2021-02-16T15:44:56Z', '6', '13');
INSERT INTO `hired_employees` VALUES ('174', 'Anetta Freeborn', '2021-10-23T09:14:19Z', '2', '49');
INSERT INTO `hired_employees` VALUES ('175', 'Billy Odams', '2021-02-13T21:13:22Z', '1', '59');
INSERT INTO `hired_employees` VALUES ('176', 'Barbie Alabaster', '2021-12-26T12:44:34Z', '7', '60');
INSERT INTO `hired_employees` VALUES ('177', 'Ardella Schwartz', '2021-08-25T11:50:02Z', '3', '97');
INSERT INTO `hired_employees` VALUES ('178', 'Petronilla Ashpital', '2021-07-17T13:36:02Z', '4', '41');
INSERT INTO `hired_employees` VALUES ('179', 'Wolfy Leicester', '2021-02-11T23:08:12Z', '1', '137');
INSERT INTO `hired_employees` VALUES ('180', 'Siobhan Backen', '2021-03-26T19:07:15Z', '7', '83');
INSERT INTO `hired_employees` VALUES ('181', 'Joeann Chowne', '2022-02-16T01:58:18Z', '10', '42');
INSERT INTO `hired_employees` VALUES ('182', 'Renell Iacovelli', '2021-11-21T12:05:45Z', '3', '116');
INSERT INTO `hired_employees` VALUES ('183', 'Peyton Yaus', '2021-05-16T20:39:06Z', '9', '71');
INSERT INTO `hired_employees` VALUES ('184', 'Alanson Dunne', '2021-12-11T21:21:26Z', '10', '74');
INSERT INTO `hired_employees` VALUES ('185', 'Ryley Ruit', '2022-02-04T13:21:15Z', '8', '128');
INSERT INTO `hired_employees` VALUES ('186', 'Claudelle Peele', '2021-03-10T19:24:19Z', '7', '54');
INSERT INTO `hired_employees` VALUES ('187', 'Janna Forsey', '2021-05-09T23:57:00Z', '5', '57');
INSERT INTO `hired_employees` VALUES ('188', 'Regen Presswell', '2021-05-03T12:35:40Z', '10', '88');
INSERT INTO `hired_employees` VALUES ('189', 'Donny Ortiga', '2021-07-28T02:43:27Z', '6', '77');
INSERT INTO `hired_employees` VALUES ('190', 'Amalia Vinall', '2021-03-05T01:38:06Z', '6', '136');
INSERT INTO `hired_employees` VALUES ('191', 'Caldwell Dunniom', '2021-08-16T12:41:01Z', '8', '48');
INSERT INTO `hired_employees` VALUES ('192', 'Olia Kleinhaus', '2021-07-14T22:42:33Z', '11', '87');
INSERT INTO `hired_employees` VALUES ('193', 'Sarita Lemmertz', '2021-07-31T14:14:42Z', '9', '36');
INSERT INTO `hired_employees` VALUES ('194', 'Lonny Duggan', '2021-04-19T15:31:46Z', '10', '81');
INSERT INTO `hired_employees` VALUES ('195', 'Jordain Reardon', '2021-08-13T09:22:18Z', '8', '40');
INSERT INTO `hired_employees` VALUES ('196', 'Harriot Kenaway', '2021-03-28T14:14:16Z', '6', '75');
INSERT INTO `hired_employees` VALUES ('197', 'Mellie Dilrew', '2021-11-04T19:52:29Z', '8', '16');
INSERT INTO `hired_employees` VALUES ('198', 'Carline Fryman', '2021-05-29T00:23:02Z', '5', NULL);
INSERT INTO `hired_employees` VALUES ('199', 'Fields Huby', '2021-04-16T09:51:56Z', '5', '72');
INSERT INTO `hired_employees` VALUES ('200', 'Erick Grundey', '2021-06-21T04:58:15Z', '2', '48');
INSERT INTO `hired_employees` VALUES ('201', 'Brien Richardin', '2022-01-08T16:31:01Z', '5', '92');
INSERT INTO `hired_employees` VALUES ('202', 'Irving Saenz', '2021-09-14T13:36:33Z', '8', '21');
INSERT INTO `hired_employees` VALUES ('203', 'Kienan Kinghorne', '2021-10-23T20:14:55Z', '7', '65');
INSERT INTO `hired_employees` VALUES ('204', 'Dana Elby', '2021-06-05T12:30:23Z', '7', '127');
INSERT INTO `hired_employees` VALUES ('205', 'Phillis Burgot', '2022-01-09T07:06:46Z', '4', '77');
INSERT INTO `hired_employees` VALUES ('206', 'Osbourne Bernadot', '2021-10-28T21:39:48Z', '5', '56');
INSERT INTO `hired_employees` VALUES ('207', 'Ahmad Fader', '2021-05-03T04:57:25Z', '66', '');
INSERT INTO `hired_employees` VALUES ('208', 'Rasia Dimitriev', '2022-01-13T03:39:23Z', '3', '88');
INSERT INTO `hired_employees` VALUES ('209', 'Tova Ostridge', '2021-08-18T00:22:54Z', '3', '41');
INSERT INTO `hired_employees` VALUES ('210', 'Babita Grigorkin', '2021-04-23T23:35:06Z', '9', '90');
INSERT INTO `hired_employees` VALUES ('211', 'Berny Daber', '2021-08-14T23:50:27Z', '3', '27');
INSERT INTO `hired_employees` VALUES ('212', 'Alan Barhims', '2021-03-22T23:08:28Z', '2', '143');
INSERT INTO `hired_employees` VALUES ('213', 'Brody Bothen', '2021-09-21T22:27:13Z', '5', '92');
INSERT INTO `hired_employees` VALUES ('214', 'Hermann Brisson', '2021-06-06T15:24:32Z', '10', '142');
INSERT INTO `hired_employees` VALUES ('215', 'Ewart Temblett', '2021-07-06T08:31:04Z', '10', '15');
INSERT INTO `hired_employees` VALUES ('216', 'Theobald Tzarkov', '2022-01-26T14:56:48Z', '87', '');
INSERT INTO `hired_employees` VALUES ('217', 'Marleen Huc', '2021-07-17T02:47:30Z', '9', '38');
INSERT INTO `hired_employees` VALUES ('218', 'Stephie McCudden', '2021-11-12T03:24:03Z', '8', '120');
INSERT INTO `hired_employees` VALUES ('219', 'Malorie Broggini', '2021-09-05T10:03:56Z', '5', '84');
INSERT INTO `hired_employees` VALUES ('220', 'Aile Greatham', '2021-09-26T01:50:27Z', '9', '125');
INSERT INTO `hired_employees` VALUES ('221', 'Valentia McFee', '2021-11-04T05:01:46Z', '4', '59');
INSERT INTO `hired_employees` VALUES ('222', 'Blakelee Jell', '2021-05-21T10:52:28Z', '5', '115');
INSERT INTO `hired_employees` VALUES ('223', 'Malvina Camelli', '2021-03-03T05:07:46Z', '1', '83');
INSERT INTO `hired_employees` VALUES ('224', 'Hirsch Jeffrey', '2021-02-13T08:05:59Z', '3', '83');
INSERT INTO `hired_employees` VALUES ('225', 'Barnabas Cockell', '2021-05-28T22:29:20Z', '4', '33');
INSERT INTO `hired_employees` VALUES ('226', 'Hedy De Gregoli', '2021-07-19T07:29:36Z', '4', '117');
INSERT INTO `hired_employees` VALUES ('227', 'Jeramey Pyson', '2021-04-03T20:14:34Z', '1', '43');
INSERT INTO `hired_employees` VALUES ('228', 'Jobi Muncie', '2021-04-07T07:19:06Z', '7', '113');
INSERT INTO `hired_employees` VALUES ('229', 'Luke Nickols', '2021-09-07T18:22:38Z', '10', '61');
INSERT INTO `hired_employees` VALUES ('230', 'Arley Stroton', '2022-02-10T20:46:33Z', '2', '97');
INSERT INTO `hired_employees` VALUES ('231', 'Daisie Branchet', '2021-10-24T07:07:44Z', '6', '21');
INSERT INTO `hired_employees` VALUES ('232', 'Zach Gallelli', '2021-07-26T16:45:07Z', '3', '107');
INSERT INTO `hired_employees` VALUES ('233', 'Tony Hayball', '2021-02-15T19:56:57Z', '6', '109');
INSERT INTO `hired_employees` VALUES ('234', 'Allys Lindenstrauss', '2021-03-18T21:54:34Z', '9', '126');
INSERT INTO `hired_employees` VALUES ('235', 'Renae Scragg', '2021-02-13T18:41:07Z', '10', '52');
INSERT INTO `hired_employees` VALUES ('236', 'Bald Ordemann', '2021-08-04T06:14:18Z', '2', '58');
INSERT INTO `hired_employees` VALUES ('237', 'Lynda Lehmann', '2021-10-19T11:39:00Z', '4', '66');
INSERT INTO `hired_employees` VALUES ('238', 'Odilia Bettles', '2022-01-28T13:42:03Z', '6', '55');
INSERT INTO `hired_employees` VALUES ('239', 'Lucretia Ungaretti', '2021-02-06T11:44:17Z', '7', '30');
INSERT INTO `hired_employees` VALUES ('240', 'Shandy Blindermann', '2021-08-03T02:54:07Z', '10', '36');
INSERT INTO `hired_employees` VALUES ('241', 'Benedetto Ropking', '2021-09-30T01:01:01Z', '9', '19');
INSERT INTO `hired_employees` VALUES ('242', 'Francesca Jeffree', '2021-03-17T06:37:56Z', '10', '117');
INSERT INTO `hired_employees` VALUES ('243', 'Juliet MacGebenay', '2021-05-19T07:44:26Z', '9', '116');
INSERT INTO `hired_employees` VALUES ('244', 'Elspeth Smalls', '2021-11-19T16:41:34Z', '5', '57');
INSERT INTO `hired_employees` VALUES ('245', 'Lemuel Thrush', '2022-01-07T16:23:36Z', '11', '46');
INSERT INTO `hired_employees` VALUES ('246', 'Neddy OGarmen', '2021-06-29T18:44:50Z', '1', '85');
INSERT INTO `hired_employees` VALUES ('247', 'Lyle Gages', '2021-09-25T23:27:53Z', '5', '117');
INSERT INTO `hired_employees` VALUES ('248', 'Hanni Ruit', '2021-04-08T19:47:24Z', '7', '33');
INSERT INTO `hired_employees` VALUES ('249', 'Katherina Bundock', '2021-11-13T10:19:05Z', '5', '45');
INSERT INTO `hired_employees` VALUES ('250', 'Ruben Pevreal', '2021-05-07T15:58:27Z', '7', '152');
INSERT INTO `hired_employees` VALUES ('251', 'Livia Casper', '2021-09-30T10:58:09Z', '8', '43');
INSERT INTO `hired_employees` VALUES ('252', 'Merrily Lorey', '2021-08-30T19:20:06Z', '8', '68');
INSERT INTO `hired_employees` VALUES ('253', 'Ignacio Warlowe', '2021-12-23T22:56:15Z', '3', '48');
INSERT INTO `hired_employees` VALUES ('254', 'Auberta Ingrem', '2021-11-10T02:40:56Z', '6', '55');
INSERT INTO `hired_employees` VALUES ('255', 'Doro Diem', '2021-04-20T08:43:40Z', '9', '73');
INSERT INTO `hired_employees` VALUES ('256', 'Jobyna Halburton', '2021-06-17T17:53:43Z', '9', '70');
INSERT INTO `hired_employees` VALUES ('257', 'Bernie Sushams', '2021-06-26T06:36:44Z', '10', '121');
INSERT INTO `hired_employees` VALUES ('258', 'Christabella Chanders', '2021-12-27T03:41:35Z', '9', '145');
INSERT INTO `hired_employees` VALUES ('259', 'Lamont Tothe', '2021-07-20T01:47:11Z', '6', '81');
INSERT INTO `hired_employees` VALUES ('260', 'Gweneth Allcock', '2022-01-27T23:22:52Z', '5', '87');
INSERT INTO `hired_employees` VALUES ('261', 'Barny Arghent', '2021-07-22T21:10:35Z', '4', '61');
INSERT INTO `hired_employees` VALUES ('262', 'Anthe Cowderay', '2022-01-03T15:24:31Z', '3', '125');
INSERT INTO `hired_employees` VALUES ('263', 'Eldredge Behnecken', '2021-06-25T00:23:17Z', '1', '101');
INSERT INTO `hired_employees` VALUES ('264', 'Gui Coogan', '2021-06-06T09:21:20Z', '8', '30');
INSERT INTO `hired_employees` VALUES ('265', 'Verile Halliburton', '2021-10-11T10:53:38Z', '2', '68');
INSERT INTO `hired_employees` VALUES ('266', 'Michale Goodwins', '2021-12-12T09:09:25Z', '10', '84');
INSERT INTO `hired_employees` VALUES ('267', 'Curran Ettels', '2021-02-23T08:39:44Z', '10', '80');
INSERT INTO `hired_employees` VALUES ('268', 'Arin Ribeiro', '2021-11-03T22:53:42Z', '9', '20');
INSERT INTO `hired_employees` VALUES ('269', 'Garvey Yandell', '2021-09-27T16:01:02Z', '2', '82');
INSERT INTO `hired_employees` VALUES ('270', 'Shellie Hastilow', '2021-12-01T03:30:27Z', '6', '61');
INSERT INTO `hired_employees` VALUES ('271', 'Jasmin Greeve', '2021-11-16T06:25:45Z', '12', '45');
INSERT INTO `hired_employees` VALUES ('272', 'Ashly Janczak', '2021-09-09T17:05:03Z', '3', '62');
INSERT INTO `hired_employees` VALUES ('273', 'Lorry Cluely', '2021-02-05T02:01:57Z', '9', '112');
INSERT INTO `hired_employees` VALUES ('274', 'Lenee Barzen', '2021-08-13T13:17:25Z', '4', '70');
INSERT INTO `hired_employees` VALUES ('275', 'Trevor De Lascy', '2021-07-12T04:33:16Z', '7', '126');
INSERT INTO `hired_employees` VALUES ('276', 'Amandi Forst', '2022-02-09T22:55:47Z', '7', '85');
INSERT INTO `hired_employees` VALUES ('277', 'Abagael Tomasek', '2021-08-17T02:23:18Z', '4', '158');
INSERT INTO `hired_employees` VALUES ('278', 'Ddene Bernardin', '2021-08-16T02:41:54Z', '6', '157');
INSERT INTO `hired_employees` VALUES ('279', 'Phaidra Killingworth', '2021-10-25T12:19:32Z', '6', '45');
INSERT INTO `hired_employees` VALUES ('280', 'Zoe Coulston', '2022-01-21T16:05:53Z', '6', '38');
INSERT INTO `hired_employees` VALUES ('281', 'Ellerey Smithin', '2021-05-27T20:40:59Z', '2', '61');
INSERT INTO `hired_employees` VALUES ('282', 'Maudie Sommerlin', '2021-04-09T20:31:22Z', '7', '73');
INSERT INTO `hired_employees` VALUES ('283', 'Betti Meran', '2021-09-28T17:47:54Z', '5', '87');
INSERT INTO `hired_employees` VALUES ('284', 'Sile Alexsandrev', '2021-10-25T03:10:45Z', '1', '66');
INSERT INTO `hired_employees` VALUES ('285', 'Ardeen Tures', '2021-05-13T10:34:48Z', '6', '79');
INSERT INTO `hired_employees` VALUES ('286', 'Frances Flemmich', '2022-01-31T11:35:28Z', '10', '134');
INSERT INTO `hired_employees` VALUES ('287', 'Dniren Raison', '2022-01-22T22:03:49Z', '4', '60');
INSERT INTO `hired_employees` VALUES ('288', 'Katerine Bazeley', '2022-02-09T05:26:37Z', '9', '80');
INSERT INTO `hired_employees` VALUES ('289', 'Hetti Narraway', '2021-06-20T01:05:56Z', '3', '24');
INSERT INTO `hired_employees` VALUES ('290', 'Cassandre Froude', '2021-10-15T10:36:55Z', '5', '33');
INSERT INTO `hired_employees` VALUES ('291', 'Chuck Frankiss', '2021-06-07T04:46:33Z', '6', '79');
INSERT INTO `hired_employees` VALUES ('292', 'Brice Johansson', '2021-04-08T01:49:32Z', '10', '120');
INSERT INTO `hired_employees` VALUES ('293', 'Arvie Angeau', '2021-06-08T21:59:00Z', '8', '67');
INSERT INTO `hired_employees` VALUES ('294', 'Claretta Sloegrave', '2021-11-01T22:58:21Z', '2', '46');
INSERT INTO `hired_employees` VALUES ('295', 'Marylou Burrell', '2021-11-21T03:14:06Z', '7', '84');
INSERT INTO `hired_employees` VALUES ('296', 'Alfred Saintpierre', '2021-05-11T10:12:02Z', '4', '13');
INSERT INTO `hired_employees` VALUES ('297', 'Jarvis Pennings', '2021-10-03T22:12:05Z', '5', '81');
INSERT INTO `hired_employees` VALUES ('298', 'Chrysler Frudd', '2021-11-02T11:26:37Z', '5', '66');
INSERT INTO `hired_employees` VALUES ('299', 'Jerrilee Bineham', '2022-01-06T11:26:31Z', '8', '85');
INSERT INTO `hired_employees` VALUES ('300', 'Saidee Bassett', '2021-05-25T18:08:38Z', '3', '73');
INSERT INTO `hired_employees` VALUES ('301', 'Anders Ralston', '2021-10-20T07:04:25Z', '5', '33');
INSERT INTO `hired_employees` VALUES ('302', 'Arlene Ferroli', '2021-10-15T20:42:15Z', '10', '18');
INSERT INTO `hired_employees` VALUES ('303', 'Hillary Dudenie', '2021-09-18T03:12:35Z', '6', '109');
INSERT INTO `hired_employees` VALUES ('304', 'Tildie Julien', '2021-09-29T14:02:27Z', '5', '62');
INSERT INTO `hired_employees` VALUES ('305', 'Waneta Dyhouse', '2021-10-17T00:35:10Z', '5', '124');
INSERT INTO `hired_employees` VALUES ('306', 'Norby Folkerts', '2021-04-11T21:16:34Z', '3', '100');
INSERT INTO `hired_employees` VALUES ('307', 'Danell Poynser', '2021-02-10T17:49:24Z', '3', '36');
INSERT INTO `hired_employees` VALUES ('308', 'Rodrigo Thornbarrow', '2021-06-09T03:07:49Z', '7', '45');
INSERT INTO `hired_employees` VALUES ('309', 'Aleen Veasey', '2021-03-18T13:39:20Z', '8', '102');
INSERT INTO `hired_employees` VALUES ('310', 'Revkah Willans', '2022-01-14T02:57:43Z', '6', '158');
INSERT INTO `hired_employees` VALUES ('311', 'Ursulina Curner', '2021-12-10T03:22:45Z', '5', '113');
INSERT INTO `hired_employees` VALUES ('312', 'Valma Kruger', '2021-03-13T03:20:40Z', '5', '44');
INSERT INTO `hired_employees` VALUES ('313', 'Roberta Kensitt', '2021-12-17T19:55:17Z', '3', '71');
INSERT INTO `hired_employees` VALUES ('314', 'Luciano Friman', '2021-08-17T07:04:16Z', '11', '62');
INSERT INTO `hired_employees` VALUES ('315', 'Beverie Verralls', '2022-02-12T00:42:13Z', '3', '72');
INSERT INTO `hired_employees` VALUES ('316', 'Tades Pezey', '2021-11-27T22:47:12Z', '4', '53');
INSERT INTO `hired_employees` VALUES ('317', 'Cammy Liffey', '2021-03-03T01:53:49Z', '4', '81');
INSERT INTO `hired_employees` VALUES ('318', 'Mimi Seymour', '2021-03-12T15:25:05Z', '10', '55');
INSERT INTO `hired_employees` VALUES ('319', 'Wilt Jagoe', '2021-03-02T10:23:45Z', '5', '40');
INSERT INTO `hired_employees` VALUES ('320', 'Artemas Balmer', '2021-08-29T21:05:17Z', '4', '141');
INSERT INTO `hired_employees` VALUES ('321', 'Darleen Cranna', '2021-03-10T23:33:27Z', '7', '68');
INSERT INTO `hired_employees` VALUES ('322', 'Johnath Fake', '2021-03-26T23:44:34Z', '6', '41');
INSERT INTO `hired_employees` VALUES ('323', 'Erv Hubane', '2021-05-03T12:04:54Z', '1', '14');
INSERT INTO `hired_employees` VALUES ('324', 'Janna Malitrott', '2021-08-18T18:53:09Z', '6', '51');
INSERT INTO `hired_employees` VALUES ('325', 'Abe Bennedick', '2021-03-16T08:32:34Z', '5', '25');
INSERT INTO `hired_employees` VALUES ('326', 'Carlota McCrae', '2021-06-25T09:36:48Z', '6', '40');
INSERT INTO `hired_employees` VALUES ('327', 'Kevina Collip', '2022-01-26T21:24:00Z', '6', '72');
INSERT INTO `hired_employees` VALUES ('328', 'Grace McAless', '2021-05-02T04:55:20Z', '2', '60');
INSERT INTO `hired_employees` VALUES ('329', 'Gale Cholwell', '2021-09-21T23:24:14Z', '5', '80');
INSERT INTO `hired_employees` VALUES ('330', 'Timotheus Jouannisson', '2022-02-16T16:04:14Z', '6', '86');
INSERT INTO `hired_employees` VALUES ('331', 'Darleen Ulyatt', '2021-03-01T17:01:05Z', '9', '109');
INSERT INTO `hired_employees` VALUES ('332', 'Nancey Ford', '2021-11-24T16:57:25Z', '8', '141');
INSERT INTO `hired_employees` VALUES ('333', 'Margot Francillo', '2022-02-07T20:42:17Z', '9', '100');
INSERT INTO `hired_employees` VALUES ('334', 'Tina Sarver', '2021-09-03T01:13:49Z', '11', '42');
INSERT INTO `hired_employees` VALUES ('335', 'Arline Athow', '2021-08-18T09:04:01Z', '7', '48');
INSERT INTO `hired_employees` VALUES ('336', 'Morissa Habberjam', '2021-04-14T04:04:56Z', '6', '92');
INSERT INTO `hired_employees` VALUES ('337', 'Rosemarie Sofe', '2021-11-07T08:25:36Z', '1', '124');
INSERT INTO `hired_employees` VALUES ('338', 'Ravid Pigney', '2021-10-18T05:23:29Z', '8', '68');
INSERT INTO `hired_employees` VALUES ('339', 'Penelopa Bransby', '2021-10-25T07:38:11Z', '10', '76');
INSERT INTO `hired_employees` VALUES ('340', '2022-01-13T21:09:49Z', '4', '45', '');
INSERT INTO `hired_employees` VALUES ('341', 'Bordy Greenman', '2021-05-27T03:29:36Z', '6', '61');
INSERT INTO `hired_employees` VALUES ('342', 'Nathanil Conry', '2022-02-11T16:30:12Z', '5', '71');
INSERT INTO `hired_employees` VALUES ('343', 'Celestina Eate', '2022-01-28T10:57:28Z', '8', '29');
INSERT INTO `hired_employees` VALUES ('344', 'Christen Gilbane', '2021-10-11T13:02:28Z', '9', '105');
INSERT INTO `hired_employees` VALUES ('345', 'Corenda Dubbin', '2021-03-06T14:32:27Z', '1', '136');
INSERT INTO `hired_employees` VALUES ('346', 'Iris Cariss', '2021-06-19T14:35:51Z', '7', '75');
INSERT INTO `hired_employees` VALUES ('347', 'Sumner Gladdis', '2022-01-22T09:29:43Z', '7', '77');
INSERT INTO `hired_employees` VALUES ('348', 'Benny Bachelor', '2021-04-05T09:33:59Z', '6', '47');
INSERT INTO `hired_employees` VALUES ('349', 'Winona Dudhill', '2021-04-28T23:14:25Z', '8', '95');
INSERT INTO `hired_employees` VALUES ('350', '2021-07-13T23:34:40Z', '10', '86', '');
INSERT INTO `hired_employees` VALUES ('351', 'Weston Rouchy', '2021-10-29T06:10:25Z', '1', '26');
INSERT INTO `hired_employees` VALUES ('352', 'Eunice Sherbrooke', '2022-01-14T13:27:30Z', '9', '106');
INSERT INTO `hired_employees` VALUES ('353', 'Raul Farbrace', '2021-10-05T11:28:11Z', '8', '57');
INSERT INTO `hired_employees` VALUES ('354', 'Cobby Solomon', '2021-10-03T06:03:40Z', '5', '28');
INSERT INTO `hired_employees` VALUES ('355', 'Carina Libreros', '2021-08-02T02:46:45Z', '5', '22');
INSERT INTO `hired_employees` VALUES ('356', 'Johnnie Middle', '2021-07-06T19:13:15Z', '3', '44');
INSERT INTO `hired_employees` VALUES ('357', 'Jocelyne Elphinstone', '2021-10-14T06:00:13Z', '5', '101');
INSERT INTO `hired_employees` VALUES ('358', 'Kaycee Hounsom', '2021-05-20T08:08:48Z', '8', '37');
INSERT INTO `hired_employees` VALUES ('359', 'Justine Yurkevich', '2021-04-01T15:30:36Z', '8', '148');
INSERT INTO `hired_employees` VALUES ('360', 'Killy Dracey', '2021-04-26T17:23:42Z', '6', '31');
INSERT INTO `hired_employees` VALUES ('361', 'Ike Forgie', '2021-06-08T15:10:58Z', '6', '16');
INSERT INTO `hired_employees` VALUES ('362', 'Melodee Suckling', '2021-09-28T18:37:19Z', '5', '65');
INSERT INTO `hired_employees` VALUES ('363', 'Cassi Woodard', '2021-10-28T21:33:54Z', '6', '21');
INSERT INTO `hired_employees` VALUES ('364', 'Ora Giovanizio', '2021-07-07T13:26:49Z', '3', '58');
INSERT INTO `hired_employees` VALUES ('365', 'Fredelia Fendt', '2021-10-22T13:11:20Z', '7', '98');
INSERT INTO `hired_employees` VALUES ('366', 'Renee Stoddard', '2021-12-30T01:29:43Z', '4', '72');
INSERT INTO `hired_employees` VALUES ('367', 'Ellary Benasik', '2021-09-04T02:00:37Z', '5', '153');
INSERT INTO `hired_employees` VALUES ('368', 'Rustie OLeahy', '2021-08-03T22:04:17Z', '3', '60');
INSERT INTO `hired_employees` VALUES ('369', 'Jennifer Walkey', '2021-09-08T17:25:22Z', '10', '68');
INSERT INTO `hired_employees` VALUES ('370', 'Luciana Lindenberg', '2022-01-17T10:52:25Z', '3', '35');
INSERT INTO `hired_employees` VALUES ('371', 'King Benjamin', '2022-01-20T02:23:10Z', '9', '113');
INSERT INTO `hired_employees` VALUES ('372', 'Gabriele Carcas', '2022-01-02T14:58:58Z', '6', '50');
INSERT INTO `hired_employees` VALUES ('373', 'Leisha Uccelli', '2021-10-15T07:27:54Z', '6', '114');
INSERT INTO `hired_employees` VALUES ('374', 'Far Janicek', '2021-08-28T05:42:26Z', '9', '56');
INSERT INTO `hired_employees` VALUES ('375', 'Tracey Cleve', '2021-07-23T20:51:44Z', '6', '118');
INSERT INTO `hired_employees` VALUES ('376', 'Gwenore Hallowes', '2021-05-05T21:46:04Z', '4', '23');
INSERT INTO `hired_employees` VALUES ('377', 'Guendolen Castro', '2021-05-11T10:27:43Z', '8', '164');
INSERT INTO `hired_employees` VALUES ('378', 'Toni Hadleigh', '2021-04-29T13:28:25Z', '8', '34');
INSERT INTO `hired_employees` VALUES ('379', 'Ruth Reilly', '2021-11-16T08:24:18Z', '6', '128');
INSERT INTO `hired_employees` VALUES ('380', 'Grantley Burnyate', '2021-11-12T10:44:41Z', '5', '73');
INSERT INTO `hired_employees` VALUES ('381', 'Stormi Leber', '2021-03-30T18:21:20Z', '9', '116');
INSERT INTO `hired_employees` VALUES ('382', 'Bowie Ramsden', '2021-10-09T07:33:53Z', '5', '59');
INSERT INTO `hired_employees` VALUES ('383', 'Emmott Blaber', '2021-03-05T20:54:52Z', '8', '67');
INSERT INTO `hired_employees` VALUES ('384', 'Milicent Kerner', '2021-12-05T16:16:42Z', '11', '121');
INSERT INTO `hired_employees` VALUES ('385', 'Francine Youings', '2021-02-13T04:55:49Z', '6', '38');
INSERT INTO `hired_employees` VALUES ('386', 'Hattie Cramphorn', '2021-10-11T09:49:28Z', '5', '48');
INSERT INTO `hired_employees` VALUES ('387', 'Dex MacMakin', '2021-03-15T16:40:34Z', '6', '40');
INSERT INTO `hired_employees` VALUES ('388', 'Bo Robion', '2021-05-05T12:25:44Z', '4', '61');
INSERT INTO `hired_employees` VALUES ('389', 'Emmalynne Smither', '2021-11-07T10:31:09Z', '11', '76');
INSERT INTO `hired_employees` VALUES ('390', 'Harp Mayze', '2021-04-20T06:26:16Z', '2', '61');
INSERT INTO `hired_employees` VALUES ('391', 'Rania Brend', '2021-11-29T22:31:08Z', '10', '30');
INSERT INTO `hired_employees` VALUES ('392', 'Cris Trytsman', '2021-04-08T11:54:11Z', '7', '124');
INSERT INTO `hired_employees` VALUES ('393', 'Bogey Hanwell', '2022-01-05T17:29:34Z', '6', NULL);
INSERT INTO `hired_employees` VALUES ('394', 'Latrena Brownbill', '2021-07-03T23:56:41Z', '9', '72');
INSERT INTO `hired_employees` VALUES ('395', 'Saidee Haddock', '2021-07-15T10:51:30Z', '5', '14');
INSERT INTO `hired_employees` VALUES ('396', 'Melisandra Scopyn', '2021-09-28T09:56:07Z', '9', '18');
INSERT INTO `hired_employees` VALUES ('397', 'Lefty Checcucci', '2021-09-29T16:34:41Z', '2', '59');
INSERT INTO `hired_employees` VALUES ('398', 'Kaitlin Gamlen', '2021-04-21T09:15:22Z', '11', '11');
INSERT INTO `hired_employees` VALUES ('399', 'Brose De Michele', '2021-10-15T00:32:44Z', '7', '97');
INSERT INTO `hired_employees` VALUES ('400', 'Babita Rusted', '2021-04-14T03:05:16Z', '12', '76');
INSERT INTO `hired_employees` VALUES ('401', 'Kori Twinbourne', '2021-07-26T12:54:13Z', '10', '106');
INSERT INTO `hired_employees` VALUES ('402', 'Hasty Slipper', '2021-04-03T07:11:50Z', '5', '108');
INSERT INTO `hired_employees` VALUES ('403', 'Fergus Weaben', '2021-08-06T04:46:14Z', '11', '67');
INSERT INTO `hired_employees` VALUES ('404', 'Chet Ribeiro', '2021-12-30T10:03:59Z', '6', '97');
INSERT INTO `hired_employees` VALUES ('405', 'Reyna Yatman', '2021-03-16T23:50:52Z', '10', '54');
INSERT INTO `hired_employees` VALUES ('406', 'Isador Martensen', '2021-11-25T11:53:35Z', '6', '84');
INSERT INTO `hired_employees` VALUES ('407', 'Doris Summersett', '2021-10-11T22:27:53Z', '10', '77');
INSERT INTO `hired_employees` VALUES ('408', 'Bonnibelle Dionsetto', '2021-06-13T09:09:27Z', '10', '47');
INSERT INTO `hired_employees` VALUES ('409', 'Annabela Draude', '2021-06-27T14:27:18Z', '7', '76');
INSERT INTO `hired_employees` VALUES ('410', 'Vally Kinnard', '2021-03-21T18:25:49Z', '3', '101');
INSERT INTO `hired_employees` VALUES ('411', 'Dominic Wornum', '2021-02-21T23:15:04Z', '4', '36');
INSERT INTO `hired_employees` VALUES ('412', 'Anna Antalffy', '2021-10-10T01:28:17Z', '9', '174');
INSERT INTO `hired_employees` VALUES ('413', 'Berna Jeffrey', '2021-08-02T13:21:07Z', '10', '53');
INSERT INTO `hired_employees` VALUES ('414', 'Anderea Penhallurick', '2021-09-24T20:26:16Z', '6', '71');
INSERT INTO `hired_employees` VALUES ('415', 'Kari Dimmer', '2021-09-02T02:27:38Z', '9', '88');
INSERT INTO `hired_employees` VALUES ('416', 'Jacquette Plumridge', '2021-02-05T01:17:13Z', '9', '48');
INSERT INTO `hired_employees` VALUES ('417', 'Jeannette Aizikov', '2021-12-25T02:47:28Z', '6', '115');
INSERT INTO `hired_employees` VALUES ('418', 'Gilberta Rippingale', '2022-02-12T09:56:21Z', '3', '64');
INSERT INTO `hired_employees` VALUES ('419', 'Hayward Kropp', '2021-11-27T00:10:20Z', '3', '95');
INSERT INTO `hired_employees` VALUES ('420', 'Devon Nutty', '2021-10-19T18:48:33Z', '4', '163');
INSERT INTO `hired_employees` VALUES ('421', 'Merna Chaimson', '2021-02-13T09:52:15Z', '6', '50');
INSERT INTO `hired_employees` VALUES ('422', 'Monika Lamperd', '2021-11-20T10:29:25Z', '6', '78');
INSERT INTO `hired_employees` VALUES ('423', 'Rozelle Cullingworth', '2021-08-08T01:23:27Z', '4', '66');
INSERT INTO `hired_employees` VALUES ('424', 'Jeana Costanza', '2021-07-31T00:51:12Z', '2', '96');
INSERT INTO `hired_employees` VALUES ('425', 'Brenn Novis', '2021-03-05T08:31:17Z', '8', '63');
INSERT INTO `hired_employees` VALUES ('426', 'Trumaine Danjoie', '2021-03-12T13:18:26Z', '3', '78');
INSERT INTO `hired_employees` VALUES ('427', 'Tara Mertel', '2021-06-23T22:34:51Z', '5', '81');
INSERT INTO `hired_employees` VALUES ('428', 'Kristofor Elfitt', '2021-05-12T20:37:50Z', '10', '36');
INSERT INTO `hired_employees` VALUES ('429', 'Ashbey Olczyk', '2021-03-29T08:49:43Z', '5', '79');
INSERT INTO `hired_employees` VALUES ('430', 'Zed Daymont', '2021-08-31T05:39:43Z', '1', '56');
INSERT INTO `hired_employees` VALUES ('431', 'Vyky Parren', '2021-09-16T07:21:28Z', '10', '51');
INSERT INTO `hired_employees` VALUES ('432', 'Jerrine Clapperton', '2022-01-20T22:47:27Z', '10', '45');
INSERT INTO `hired_employees` VALUES ('433', 'Aarika Britton', '2021-11-04T23:49:53Z', '6', '56');
INSERT INTO `hired_employees` VALUES ('434', 'Bernadina Catlette', '2021-09-11T00:27:03Z', '3', '162');
INSERT INTO `hired_employees` VALUES ('435', 'Eleanora Dootson', '2021-10-10T03:18:10Z', '11', '58');
INSERT INTO `hired_employees` VALUES ('436', 'Chanda Cresser', '2021-10-20T12:39:47Z', '9', '144');
INSERT INTO `hired_employees` VALUES ('437', 'Alwin Erdis', '2021-08-28T21:30:46Z', '10', '73');
INSERT INTO `hired_employees` VALUES ('438', 'Nanine Bertome', '2021-09-21T11:01:18Z', '8', '58');
INSERT INTO `hired_employees` VALUES ('439', 'Florie Allchin', '2021-11-27T14:14:20Z', '8', '13');
INSERT INTO `hired_employees` VALUES ('440', 'Oren Geaveny', '2021-04-30T15:56:51Z', '4', '79');
INSERT INTO `hired_employees` VALUES ('441', 'Irwin Beaulieu', '2021-09-08T15:10:49Z', '5', '57');
INSERT INTO `hired_employees` VALUES ('442', 'Hale Oleszcuk', '2021-02-07T17:53:58Z', '8', '41');
INSERT INTO `hired_employees` VALUES ('443', 'Cherey Iacopini', '2022-01-18T23:00:54Z', '8', '64');
INSERT INTO `hired_employees` VALUES ('444', 'Jacenta Cullnean', '2021-09-21T15:57:18Z', '5', '93');
INSERT INTO `hired_employees` VALUES ('445', 'Gilles Houdhury', '2021-09-09T23:54:01Z', '3', '113');
INSERT INTO `hired_employees` VALUES ('446', 'Risa Simek', '2021-11-18T21:46:42Z', '2', '50');
INSERT INTO `hired_employees` VALUES ('447', 'Midge Delacour', '2021-10-28T15:25:45Z', '7', '84');
INSERT INTO `hired_employees` VALUES ('448', 'Greg Dorie', '2021-04-01T04:19:05Z', '1', '47');
INSERT INTO `hired_employees` VALUES ('449', 'Emory Nobes', '2021-03-16T06:56:02Z', '2', '83');
INSERT INTO `hired_employees` VALUES ('450', 'Loise Bartens', '2021-08-30T21:22:26Z', '10', '49');
INSERT INTO `hired_employees` VALUES ('451', 'Avrit Barrett', '2021-02-24T02:15:31Z', '2', '54');
INSERT INTO `hired_employees` VALUES ('452', 'Truman Davidman', '2021-02-09T16:22:58Z', '8', '60');
INSERT INTO `hired_employees` VALUES ('453', 'Liz McCaghan', '2022-02-10T03:35:50Z', '7', '93');
INSERT INTO `hired_employees` VALUES ('454', 'Gilda Rudolfer', '2021-12-20T16:14:04Z', '4', '61');
INSERT INTO `hired_employees` VALUES ('455', 'Rodge Seston', '2022-01-30T00:17:44Z', '5', '60');
INSERT INTO `hired_employees` VALUES ('456', 'Rivi Van der Merwe', '2021-03-31T09:56:30Z', '7', '27');
INSERT INTO `hired_employees` VALUES ('457', 'Marcelline Masding', '2021-11-20T06:31:58Z', '4', '39');
INSERT INTO `hired_employees` VALUES ('458', 'Norean Foker', '2021-12-04T17:35:48Z', '1', '19');
INSERT INTO `hired_employees` VALUES ('459', 'Maisey Markie', '2021-03-18T17:03:53Z', '8', '46');
INSERT INTO `hired_employees` VALUES ('460', 'Melva Goodge', '2021-02-24T04:11:44Z', '9', '53');
INSERT INTO `hired_employees` VALUES ('461', 'Alfi Keepe', '2021-10-31T02:58:11Z', '5', '81');
INSERT INTO `hired_employees` VALUES ('462', 'Correna Samter', '2021-03-02T12:02:36Z', '1', '40');
INSERT INTO `hired_employees` VALUES ('463', 'Shell Castleman', '2022-01-04T17:20:18Z', '3', '31');
INSERT INTO `hired_employees` VALUES ('464', 'Fanchette Sowrah', '2021-08-26T12:16:02Z', '11', '71');
INSERT INTO `hired_employees` VALUES ('465', 'Hamnet Wooldridge', '2022-01-24T07:09:01Z', '8', '70');
INSERT INTO `hired_employees` VALUES ('466', 'Chandler Amesbury', '2021-10-09T22:10:46Z', '7', '87');
INSERT INTO `hired_employees` VALUES ('467', 'Sully Kubicki', '2021-05-11T21:57:40Z', '4', '58');
INSERT INTO `hired_employees` VALUES ('468', 'Leela Mowatt', '2021-05-25T08:41:00Z', '8', '72');
INSERT INTO `hired_employees` VALUES ('469', 'Shelby Reaveley', '2022-01-14T23:53:12Z', '8', '108');
INSERT INTO `hired_employees` VALUES ('470', 'Lianne Huxton', '2021-02-08T00:15:19Z', '7', '94');
INSERT INTO `hired_employees` VALUES ('471', 'Ethelda Owbrick', '2021-02-07T23:47:52Z', '8', '60');
INSERT INTO `hired_employees` VALUES ('472', 'Payton Palmer', '2021-11-05T03:06:42Z', '10', '43');
INSERT INTO `hired_employees` VALUES ('473', 'Berk Stennes', '2021-04-22T07:55:22Z', '7', '84');
INSERT INTO `hired_employees` VALUES ('474', 'Calhoun Pester', '2021-03-06T03:02:20Z', '7', '107');
INSERT INTO `hired_employees` VALUES ('475', 'Lebbie Ruberry', '2021-10-25T18:25:28Z', '8', '94');
INSERT INTO `hired_employees` VALUES ('476', 'Friedrich Loton', '2021-04-18T12:50:40Z', '9', '56');
INSERT INTO `hired_employees` VALUES ('477', 'Loella Cudiff', '2021-02-08T09:30:15Z', '3', '64');
INSERT INTO `hired_employees` VALUES ('478', 'Tersina Shackelton', '2021-11-03T20:59:18Z', '8', '81');
INSERT INTO `hired_employees` VALUES ('479', 'Doria Buard', '2021-06-15T16:20:40Z', '5', '75');
INSERT INTO `hired_employees` VALUES ('480', 'Brena Issatt', '2021-05-29T11:44:01Z', '8', '36');
INSERT INTO `hired_employees` VALUES ('481', 'Eileen Spikeings', '2021-08-05T14:24:07Z', '7', '75');
INSERT INTO `hired_employees` VALUES ('482', 'Emmalynn Robilliard', '2021-12-08T16:54:02Z', '8', '96');
INSERT INTO `hired_employees` VALUES ('483', 'Paco Truter', '2021-06-12T09:00:44Z', '5', '68');
INSERT INTO `hired_employees` VALUES ('484', 'Arlene Piletic', '2021-12-19T14:53:27Z', '2', '90');
INSERT INTO `hired_employees` VALUES ('485', 'Hill Oakeby', '2022-02-14T23:50:27Z', '1', '95');
INSERT INTO `hired_employees` VALUES ('486', 'Joanie Janjusevic', '2021-05-02T09:50:24Z', '6', '93');
INSERT INTO `hired_employees` VALUES ('487', 'Fanechka Cescon', '2021-02-13T07:59:01Z', '6', '104');
INSERT INTO `hired_employees` VALUES ('488', 'Samantha Mundie', '2021-09-11T11:12:45Z', '3', '102');
INSERT INTO `hired_employees` VALUES ('489', 'Arabelle Churching', '2021-06-19T02:27:07Z', '9', '165');
INSERT INTO `hired_employees` VALUES ('490', 'Mathew Wyre', '2021-05-02T20:01:12Z', '2', '129');
INSERT INTO `hired_employees` VALUES ('491', 'Liane Gladtbach', '2021-08-17T22:56:06Z', '11', '104');
INSERT INTO `hired_employees` VALUES ('492', 'Lesya Zebedee', '2021-05-15T15:39:19Z', '2', '86');
INSERT INTO `hired_employees` VALUES ('493', 'Dalis Coughan', '2021-03-20T10:48:47Z', '3', '71');
INSERT INTO `hired_employees` VALUES ('494', 'Fredericka Blezard', '2021-08-25T04:03:09Z', '7', '69');
INSERT INTO `hired_employees` VALUES ('495', 'Seth Kubacek', '2021-03-31T19:15:51Z', '5', '50');
INSERT INTO `hired_employees` VALUES ('496', 'Carissa Bartel', '2021-03-01T20:13:38Z', '4', '45');
INSERT INTO `hired_employees` VALUES ('497', 'Teddi Eadmeades', '2021-10-11T14:30:13Z', '6', '118');
INSERT INTO `hired_employees` VALUES ('498', 'Teriann Bukowski', '2022-01-10T08:28:43Z', '10', '147');
INSERT INTO `hired_employees` VALUES ('499', 'Holly Akehurst', '2021-09-29T00:53:42Z', '8', '132');
INSERT INTO `hired_employees` VALUES ('500', 'Audrye Fazakerley', '2021-04-08T02:27:08Z', '2', '83');
INSERT INTO `hired_employees` VALUES ('501', 'Adaline Sherrett', '2021-09-16T03:17:23Z', '10', '53');
INSERT INTO `hired_employees` VALUES ('502', 'Myrtle Kenan', '2021-04-20T03:33:22Z', '8', '37');
INSERT INTO `hired_employees` VALUES ('503', 'Anjanette Snepp', '2021-10-28T11:48:58Z', '6', '45');
INSERT INTO `hired_employees` VALUES ('504', 'Avrit Henniger', '2021-07-10T20:34:54Z', '6', '44');
INSERT INTO `hired_employees` VALUES ('505', 'Andi Norwich', '2021-04-20T22:42:20Z', '8', '72');
INSERT INTO `hired_employees` VALUES ('506', 'Joye Pinson', '2021-10-02T07:13:19Z', '4', '30');
INSERT INTO `hired_employees` VALUES ('507', 'Nonie Threadgould', '2021-11-18T06:31:35Z', '5', '42');
INSERT INTO `hired_employees` VALUES ('508', 'Tommy Dehn', '2021-04-26T12:30:00Z', '7', '113');
INSERT INTO `hired_employees` VALUES ('509', 'Tiphanie Neads', '2022-01-19T21:11:05Z', '10', '44');
INSERT INTO `hired_employees` VALUES ('510', 'Zelda Sheavills', '2021-03-07T20:24:50Z', '3', '33');
INSERT INTO `hired_employees` VALUES ('511', 'Cecilia Keynd', '2021-07-31T06:10:51Z', '1', '109');
INSERT INTO `hired_employees` VALUES ('512', 'Malia Dungay', '2021-08-26T07:18:58Z', '8', '68');
INSERT INTO `hired_employees` VALUES ('513', 'Garald McPhillips', '2022-02-18T16:34:19Z', '8', '54');
INSERT INTO `hired_employees` VALUES ('514', 'Francis Jantel', '2021-10-19T09:21:42Z', '10', '86');
INSERT INTO `hired_employees` VALUES ('515', 'Stephenie Yeowell', '2021-12-04T04:16:48Z', '3', '67');
INSERT INTO `hired_employees` VALUES ('516', 'Kerry Neno', '2021-10-08T02:32:38Z', '10', '132');
INSERT INTO `hired_employees` VALUES ('517', 'Falito Bellay', '2021-06-10T21:42:06Z', '8', '125');
INSERT INTO `hired_employees` VALUES ('518', 'Cassandra McRobert', '2021-02-20T22:20:53Z', '9', '148');
INSERT INTO `hired_employees` VALUES ('519', 'Perkin Brookbank', '2021-04-29T05:20:41Z', '6', '85');
INSERT INTO `hired_employees` VALUES ('520', 'Kial Dulwitch', '2021-12-22T01:59:59Z', '7', '82');
INSERT INTO `hired_employees` VALUES ('521', 'Paulita Cumberbatch', '2021-11-26T12:59:46Z', '8', '48');
INSERT INTO `hired_employees` VALUES ('522', 'Gina Cutill', '2021-10-28T19:05:53Z', '5', '22');
INSERT INTO `hired_employees` VALUES ('523', 'Darelle Wogden', '2021-05-08T10:51:07Z', '4', '28');
INSERT INTO `hired_employees` VALUES ('524', 'Jacenta Pieterick', '2021-08-07T04:31:22Z', '8', '70');
INSERT INTO `hired_employees` VALUES ('525', 'Maiga Jarmain', '2021-03-03T10:46:50Z', '9', '62');
INSERT INTO `hired_employees` VALUES ('526', 'Vivie Darwood', '2021-12-01T17:32:31Z', '12', '119');
INSERT INTO `hired_employees` VALUES ('527', 'Maxy Agnolo', '2021-02-23T14:16:05Z', '3', '61');
INSERT INTO `hired_employees` VALUES ('528', 'Doyle Lawden', '2021-03-20T08:53:56Z', '5', '108');
INSERT INTO `hired_employees` VALUES ('529', 'Deena Semarke', '2021-10-06T06:06:47Z', '5', '94');
INSERT INTO `hired_employees` VALUES ('530', 'Jacques Branno', '2022-01-17T03:31:09Z', '8', '82');
INSERT INTO `hired_employees` VALUES ('531', 'Daune Leaning', '2022-02-10T12:32:39Z', '10', '87');
INSERT INTO `hired_employees` VALUES ('532', 'Alfreda Stittle', '2021-07-20T16:08:08Z', '3', '28');
INSERT INTO `hired_employees` VALUES ('533', 'Tiertza Vanyashin', '2022-02-04T20:16:06Z', '3', NULL);
INSERT INTO `hired_employees` VALUES ('534', 'Rex Gligoraci', '2021-10-06T12:49:28Z', '7', '102');
INSERT INTO `hired_employees` VALUES ('535', 'Jorry Koppel', '2021-07-07T12:56:22Z', '8', '39');
INSERT INTO `hired_employees` VALUES ('536', 'Mellicent Grisard', '2021-08-16T06:41:51Z', '3', '58');
INSERT INTO `hired_employees` VALUES ('537', 'Marya Norcutt', '2022-01-16T21:23:39Z', '2', '111');
INSERT INTO `hired_employees` VALUES ('538', 'Rafferty Ferrettini', '2021-09-27T21:27:53Z', '11', '145');
INSERT INTO `hired_employees` VALUES ('539', 'Grace Caulwell', '2021-04-25T00:25:51Z', '2', '85');
INSERT INTO `hired_employees` VALUES ('540', 'Chrysler Cogswell', '2021-03-25T08:08:41Z', '8', '40');
INSERT INTO `hired_employees` VALUES ('541', 'Jennie Greenway', '2022-01-18T17:10:17Z', '10', '96');
INSERT INTO `hired_employees` VALUES ('542', 'Dewie Avann', '2022-02-08T04:57:10Z', '3', '34');
INSERT INTO `hired_employees` VALUES ('543', 'Melodie Frazier', '2021-07-11T16:41:31Z', '11', '55');
INSERT INTO `hired_employees` VALUES ('544', 'Curr Lafrentz', '2021-04-25T22:43:01Z', '7', '95');
INSERT INTO `hired_employees` VALUES ('545', 'Allan Rickert', '2022-01-24T08:26:50Z', '7', '79');
INSERT INTO `hired_employees` VALUES ('546', 'Zack Scroxton', '2021-10-03T02:40:41Z', '7', '80');
INSERT INTO `hired_employees` VALUES ('547', 'Kirsteni Keatley', '2021-09-03T16:49:39Z', '2', '82');
INSERT INTO `hired_employees` VALUES ('548', 'Pegeen Piccard', '2021-06-18T15:20:18Z', '8', '77');
INSERT INTO `hired_employees` VALUES ('549', 'Antonina Semble', '2021-08-24T04:50:51Z', '10', '56');
INSERT INTO `hired_employees` VALUES ('550', 'Ellene Cunnow', '2021-04-24T10:10:48Z', '7', '68');
INSERT INTO `hired_employees` VALUES ('551', 'Lind Flips', '2021-04-05T22:11:47Z', '4', '137');
INSERT INTO `hired_employees` VALUES ('552', 'Quintus McCallister', '2021-04-25T22:30:37Z', '3', '34');
INSERT INTO `hired_employees` VALUES ('553', 'Bobette Buyers', '2022-02-02T23:14:26Z', '7', '61');
INSERT INTO `hired_employees` VALUES ('554', 'Eziechiele Donson', '2021-03-04T11:31:49Z', '2', '125');
INSERT INTO `hired_employees` VALUES ('555', 'Annabella Telezhkin', '2022-01-07T05:21:00Z', '2', '102');
INSERT INTO `hired_employees` VALUES ('556', 'Giff Kelson', '2021-08-29T06:02:42Z', '10', '109');
INSERT INTO `hired_employees` VALUES ('557', 'Kamila Collumbine', '2021-05-04T10:13:08Z', '6', '143');
INSERT INTO `hired_employees` VALUES ('558', 'Avivah Dymond', '2021-07-21T15:53:26Z', '8', '56');
INSERT INTO `hired_employees` VALUES ('559', 'Woodman Dake', '2022-01-05T10:20:17Z', '12', '63');
INSERT INTO `hired_employees` VALUES ('560', 'Zena Buck', '2021-11-06T07:15:24Z', '5', '89');
INSERT INTO `hired_employees` VALUES ('561', 'Saxon Eastop', '2021-10-28T18:29:31Z', '11', '70');
INSERT INTO `hired_employees` VALUES ('562', 'Letisha Le Floch', '2021-08-31T16:37:15Z', '7', '75');
INSERT INTO `hired_employees` VALUES ('563', 'Sharona Tweedy', '2021-08-25T02:46:44Z', '7', '74');
INSERT INTO `hired_employees` VALUES ('564', 'Pietro Ogdahl', '2021-05-01T17:41:48Z', '4', '32');
INSERT INTO `hired_employees` VALUES ('565', 'Karen Withnall', '2021-07-27T20:45:40Z', '11', '38');
INSERT INTO `hired_employees` VALUES ('566', 'Ingrim Orrum', '2021-12-08T11:57:56Z', '5', '163');
INSERT INTO `hired_employees` VALUES ('567', 'Annabelle Southon', '2021-11-29T20:23:23Z', '11', '62');
INSERT INTO `hired_employees` VALUES ('568', 'Jody Ireland', '2021-04-14T13:41:44Z', '7', '61');
INSERT INTO `hired_employees` VALUES ('569', 'Newton MacColl', '2021-08-12T07:28:19Z', '5', '111');
INSERT INTO `hired_employees` VALUES ('570', 'Cati Orbell', '2021-02-05T10:51:00Z', '11', '90');
INSERT INTO `hired_employees` VALUES ('571', '2021-11-28T02:28:40Z', '7', '69', '');
INSERT INTO `hired_employees` VALUES ('572', 'Bethena Nissle', '2021-04-23T09:48:13Z', '8', '60');
INSERT INTO `hired_employees` VALUES ('573', 'Hynda Wheatcroft', '2021-08-29T01:59:39Z', '8', '57');
INSERT INTO `hired_employees` VALUES ('574', 'Laura Ginley', '2021-10-04T16:28:21Z', '5', '104');
INSERT INTO `hired_employees` VALUES ('575', 'Edgard Sawden', '2021-05-29T10:26:15Z', '5', '154');
INSERT INTO `hired_employees` VALUES ('576', 'Noak Windmill', '2021-11-18T00:52:33Z', '4', '97');
INSERT INTO `hired_employees` VALUES ('577', 'Kenneth Ravenscroftt', '2022-01-05T10:19:42Z', '4', '44');
INSERT INTO `hired_employees` VALUES ('578', 'Garfield Giovanitti', '2022-01-14T05:54:04Z', '4', '68');
INSERT INTO `hired_employees` VALUES ('579', 'Deane Stivani', '2021-03-31T04:27:17Z', '4', '38');
INSERT INTO `hired_employees` VALUES ('580', 'Eugenio Crumly', '2021-04-05T19:25:24Z', '7', '98');
INSERT INTO `hired_employees` VALUES ('581', 'Gris Heino', '2022-01-07T06:42:22Z', '5', '46');
INSERT INTO `hired_employees` VALUES ('582', 'Adams Whitington', '2021-08-10T11:06:19Z', '8', '141');
INSERT INTO `hired_employees` VALUES ('583', 'Chrotoem Johanning', '2021-11-04T09:51:55Z', '5', '27');
INSERT INTO `hired_employees` VALUES ('584', 'Renado Terne', '2021-04-23T15:58:47Z', '8', '31');
INSERT INTO `hired_employees` VALUES ('585', 'Sonja Vero', '2021-07-01T04:36:39Z', '8', '38');
INSERT INTO `hired_employees` VALUES ('586', 'Roanne Brant', '2021-07-25T01:23:13Z', '6', '97');
INSERT INTO `hired_employees` VALUES ('587', 'Deina Magovern', '2021-06-30T11:28:53Z', '2', '135');
INSERT INTO `hired_employees` VALUES ('588', 'Gabriell Paffitt', '2021-10-18T12:14:36Z', '7', '136');
INSERT INTO `hired_employees` VALUES ('589', 'Emmeline Hantusch', '2021-12-12T04:57:39Z', '11', '84');
INSERT INTO `hired_employees` VALUES ('590', 'Niven Morter', '2021-05-17T07:18:48Z', '12', '47');
INSERT INTO `hired_employees` VALUES ('591', 'Antonia Ferdinand', '2021-12-27T01:34:52Z', '2', '36');
INSERT INTO `hired_employees` VALUES ('592', 'Anni Mewton', '2021-04-20T12:17:27Z', '9', '37');
INSERT INTO `hired_employees` VALUES ('593', 'Ruthi Liversedge', '2021-09-11T16:28:28Z', '6', '67');
INSERT INTO `hired_employees` VALUES ('594', 'Vinny Liggins', '2021-03-18T22:07:38Z', '4', '112');
INSERT INTO `hired_employees` VALUES ('595', 'Charita Wyldish', '2021-10-12T22:01:00Z', '4', '54');
INSERT INTO `hired_employees` VALUES ('596', 'Noble Spere', '2021-06-04T01:46:24Z', '6', '83');
INSERT INTO `hired_employees` VALUES ('597', 'Rahal Callf', '2021-03-17T11:36:22Z', '6', '55');
INSERT INTO `hired_employees` VALUES ('598', 'Hope Yakovliv', '2021-03-10T23:26:15Z', '3', '105');
INSERT INTO `hired_employees` VALUES ('599', 'Chrystal Kopje', '2021-12-12T14:46:11Z', '8', '25');
INSERT INTO `hired_employees` VALUES ('600', 'Niels Jendrys', '2021-05-03T08:55:24Z', '10', '58');
INSERT INTO `hired_employees` VALUES ('601', 'Vincents Lees', '2021-09-08T17:09:48Z', '3', '32');
INSERT INTO `hired_employees` VALUES ('602', 'Gamaliel Simonnin', '2021-08-29T14:31:30Z', '4', '79');
INSERT INTO `hired_employees` VALUES ('603', 'Zulema McGiffie', '2021-07-29T04:57:18Z', '2', '40');
INSERT INTO `hired_employees` VALUES ('604', 'Trace Bowe', '2021-11-19T08:02:23Z', '7', '51');
INSERT INTO `hired_employees` VALUES ('605', 'Matteo De Clairmont', '2021-07-12T23:31:13Z', '6', '173');
INSERT INTO `hired_employees` VALUES ('606', 'Mitzi Zoane', '2021-08-21T09:29:56Z', '5', '150');
INSERT INTO `hired_employees` VALUES ('607', 'Inglis Toogood', '2021-08-25T10:07:55Z', '2', '59');
INSERT INTO `hired_employees` VALUES ('608', 'Rita Rakes', '2021-06-19T12:52:29Z', '9', '37');
INSERT INTO `hired_employees` VALUES ('609', 'Doyle Galpen', '2021-10-09T23:59:20Z', '5', '72');
INSERT INTO `hired_employees` VALUES ('610', 'Andreas Adkin', '2021-12-01T00:02:41Z', '5', '128');
INSERT INTO `hired_employees` VALUES ('611', 'Hill Anders', '2021-08-25T22:24:12Z', '1', '93');
INSERT INTO `hired_employees` VALUES ('612', 'Jazmin Orgel', '2021-08-07T05:23:59Z', '7', '104');
INSERT INTO `hired_employees` VALUES ('613', 'Sigrid Leversha', '2022-02-15T21:20:01Z', '9', '37');
INSERT INTO `hired_employees` VALUES ('614', 'Shawn OKinneally', '2021-12-13T17:34:03Z', '4', '80');
INSERT INTO `hired_employees` VALUES ('615', 'Jillana Neeson', '2021-06-12T05:50:40Z', '3', '111');
INSERT INTO `hired_employees` VALUES ('616', 'Emlen Whitton', '2021-09-02T02:03:36Z', '7', '79');
INSERT INTO `hired_employees` VALUES ('617', 'Valenka Annwyl', '2021-12-26T16:39:06Z', '6', '57');
INSERT INTO `hired_employees` VALUES ('618', 'Hasheem De la Yglesia', '2021-10-13T13:06:05Z', '8', '69');
INSERT INTO `hired_employees` VALUES ('619', 'Karlene Hendonson', '2021-07-04T21:23:44Z', '10', '111');
INSERT INTO `hired_employees` VALUES ('620', 'Cilka Cariss', '2021-08-15T02:44:41Z', '4', '33');
INSERT INTO `hired_employees` VALUES ('621', 'Sheri Vice', '2021-05-08T05:22:33Z', '5', '80');
INSERT INTO `hired_employees` VALUES ('622', 'Dodie Codlin', '2021-03-14T09:53:53Z', '6', '74');
INSERT INTO `hired_employees` VALUES ('623', '2022-01-04T17:42:48Z', '7', '48', '');
INSERT INTO `hired_employees` VALUES ('624', 'Stearne Boord', '2021-11-10T05:00:20Z', '6', '62');
INSERT INTO `hired_employees` VALUES ('625', 'Toddy Bragger', '2021-04-28T00:16:29Z', '8', '93');
INSERT INTO `hired_employees` VALUES ('626', 'Maribeth Stirtle', '2021-04-06T18:16:06Z', '7', '118');
INSERT INTO `hired_employees` VALUES ('627', 'Deanne Pilcher', '2021-11-19T09:36:41Z', '6', '86');
INSERT INTO `hired_employees` VALUES ('628', 'Adan Simonds', '2021-12-19T13:16:46Z', '3', '121');
INSERT INTO `hired_employees` VALUES ('629', 'Goldia Gottelier', '2021-11-07T06:24:02Z', '6', '84');
INSERT INTO `hired_employees` VALUES ('630', 'Adler Allon', '2021-07-18T04:20:02Z', '5', '99');
INSERT INTO `hired_employees` VALUES ('631', 'Yettie Tellenbrok', '2021-11-12T14:12:30Z', '9', '29');
INSERT INTO `hired_employees` VALUES ('632', 'Loree Dytham', '2022-02-16T08:39:30Z', '7', '92');
INSERT INTO `hired_employees` VALUES ('633', 'Charline Axtell', '2021-09-19T15:49:14Z', '9', '69');
INSERT INTO `hired_employees` VALUES ('634', 'Duff Bauld', '2021-12-10T01:40:03Z', '5', '60');
INSERT INTO `hired_employees` VALUES ('635', 'Winne Kemet', '2021-06-03T02:26:49Z', '3', '85');
INSERT INTO `hired_employees` VALUES ('636', 'Adair Spellessy', '2021-12-18T18:21:44Z', '11', '115');
INSERT INTO `hired_employees` VALUES ('637', 'Serena Iacovolo', '2021-06-08T19:19:29Z', '6', '89');
INSERT INTO `hired_employees` VALUES ('638', 'Revkah Franke', '2021-04-11T08:45:42Z', '2', '93');
INSERT INTO `hired_employees` VALUES ('639', 'Candis Brayshay', '2021-02-04T08:09:56Z', '11', '71');
INSERT INTO `hired_employees` VALUES ('640', 'Auguste Savage', '2021-04-09T17:40:07Z', '6', '91');
INSERT INTO `hired_employees` VALUES ('641', 'Muffin Oldall', '2021-08-26T17:59:42Z', '6', '120');
INSERT INTO `hired_employees` VALUES ('642', 'Ronda Prichard', '2022-02-18T11:53:32Z', '4', '65');
INSERT INTO `hired_employees` VALUES ('643', 'Andi Haylett', '2021-10-30T16:13:54Z', '6', '104');
INSERT INTO `hired_employees` VALUES ('644', 'Bjorn Cremen', '2021-07-26T23:50:08Z', '5', '62');
INSERT INTO `hired_employees` VALUES ('645', 'Hedvige Vogelein', '2021-02-05T01:19:11Z', '9', '63');
INSERT INTO `hired_employees` VALUES ('646', 'Shelagh Scoffins', '2021-09-27T15:35:59Z', '6', '148');
INSERT INTO `hired_employees` VALUES ('647', 'Flori Priscott', '2022-01-27T19:23:12Z', '8', '41');
INSERT INTO `hired_employees` VALUES ('648', 'August Scotsbrook', '2021-05-08T12:36:31Z', '6', '37');
INSERT INTO `hired_employees` VALUES ('649', 'Karina Brunt', '2021-05-12T13:10:15Z', '8', '52');
INSERT INTO `hired_employees` VALUES ('650', 'Callida Helmke', '2021-09-08T15:11:04Z', '9', '124');
INSERT INTO `hired_employees` VALUES ('651', 'Shirlee Morcomb', '2021-09-27T11:14:02Z', '6', '54');
INSERT INTO `hired_employees` VALUES ('652', 'Corabel Fowlestone', '2021-11-17T14:28:16Z', '2', '68');
INSERT INTO `hired_employees` VALUES ('653', 'Catlee Baroc', '2021-10-08T22:28:59Z', '5', '71');
INSERT INTO `hired_employees` VALUES ('654', 'Gloria Semechik', '2021-06-19T03:05:48Z', '9', '133');
INSERT INTO `hired_employees` VALUES ('655', 'Juliette Josuweit', '2021-11-29T13:22:57Z', '7', '68');
INSERT INTO `hired_employees` VALUES ('656', 'Fayina Trevarthen', '2021-07-15T22:42:57Z', '6', '30');
INSERT INTO `hired_employees` VALUES ('657', 'Gawen Saggs', '2021-10-06T13:28:02Z', '2', '41');
INSERT INTO `hired_employees` VALUES ('658', 'Valeria Bidwell', '2021-07-30T11:00:26Z', '4', '45');
INSERT INTO `hired_employees` VALUES ('659', 'Tailor Phizakarley', '2021-12-29T00:43:35Z', '5', '44');
INSERT INTO `hired_employees` VALUES ('660', 'Beaufort Fifoot', '2021-09-01T01:18:37Z', '4', '154');
INSERT INTO `hired_employees` VALUES ('661', 'Winnie Nalder', '2021-02-16T19:23:07Z', '5', '63');
INSERT INTO `hired_employees` VALUES ('662', 'Ingunna Sikorski', '2022-02-04T17:23:50Z', '3', '75');
INSERT INTO `hired_employees` VALUES ('663', 'Catha Gowrie', '4', '85', '');
INSERT INTO `hired_employees` VALUES ('664', 'Meara Leipelt', '2021-08-10T11:12:53Z', '9', '90');
INSERT INTO `hired_employees` VALUES ('665', 'Noah Blazejewski', '2021-08-31T16:10:47Z', '10', '44');
INSERT INTO `hired_employees` VALUES ('666', 'Rad Malt', '2021-04-06T02:41:00Z', '6', '135');
INSERT INTO `hired_employees` VALUES ('667', 'Jinny Navarre', '2021-10-08T18:12:40Z', '8', '67');
INSERT INTO `hired_employees` VALUES ('668', 'Larry Markus', '2021-09-16T01:10:45Z', '8', '103');
INSERT INTO `hired_employees` VALUES ('669', 'Shannan Wollen', '2021-02-23T18:13:10Z', '10', '28');
INSERT INTO `hired_employees` VALUES ('670', 'Cordelia Hembling', '2021-12-27T06:46:11Z', '5', '94');
INSERT INTO `hired_employees` VALUES ('671', 'Ernaline Stroulger', '2021-12-09T07:06:19Z', '8', '91');
INSERT INTO `hired_employees` VALUES ('672', 'Windham Biesterfeld', '2021-05-09T01:14:51Z', '5', '61');
INSERT INTO `hired_employees` VALUES ('673', 'Cosette Briffett', '2022-01-15T02:19:34Z', '6', '88');
INSERT INTO `hired_employees` VALUES ('674', 'Marita Wakeman', '2021-06-20T17:40:30Z', '3', '157');
INSERT INTO `hired_employees` VALUES ('675', 'Roxanna Verny', '2021-10-13T12:19:36Z', '7', '68');
INSERT INTO `hired_employees` VALUES ('676', 'My Challice', '2021-12-30T10:24:40Z', '4', '163');
INSERT INTO `hired_employees` VALUES ('677', 'Karel Lyne', '2021-04-21T07:40:11Z', '3', '32');
INSERT INTO `hired_employees` VALUES ('678', 'Rhonda Rembaud', '2021-12-16T01:57:07Z', '3', '97');
INSERT INTO `hired_employees` VALUES ('679', 'Aguste Baseley', '2021-05-24T20:06:57Z', '4', '81');
INSERT INTO `hired_employees` VALUES ('680', 'Werner Baldrick', '2021-04-24T12:53:43Z', '6', '68');
INSERT INTO `hired_employees` VALUES ('681', 'Janek Fleay', '2021-08-07T11:01:52Z', '9', '45');
INSERT INTO `hired_employees` VALUES ('682', 'Noemi Brignall', '2022-01-28T13:25:09Z', '2', '58');
INSERT INTO `hired_employees` VALUES ('683', 'Fidel Massimo', '2021-08-28T21:27:34Z', '9', '58');
INSERT INTO `hired_employees` VALUES ('684', 'Darcy Lunam', '2021-07-01T14:02:42Z', '6', '109');
INSERT INTO `hired_employees` VALUES ('685', 'Bruno Pales', '2022-01-16T19:23:39Z', '92', '');
INSERT INTO `hired_employees` VALUES ('686', 'Bessy Feavers', '2021-06-05T11:10:18Z', '10', '36');
INSERT INTO `hired_employees` VALUES ('687', 'Evaleen Dotterill', '2021-12-08T10:40:18Z', '7', '56');
INSERT INTO `hired_employees` VALUES ('688', 'Hamel Bearman', '2022-01-20T19:51:12Z', '8', '58');
INSERT INTO `hired_employees` VALUES ('689', 'Jacquelin OFarrell', '2021-04-05T13:47:36Z', '8', '33');
INSERT INTO `hired_employees` VALUES ('690', 'Sarene Ilyinykh', '2021-10-29T15:50:09Z', '3', '123');
INSERT INTO `hired_employees` VALUES ('691', 'Benedetto Heazel', '2021-12-12T15:14:57Z', '9', '77');
INSERT INTO `hired_employees` VALUES ('692', 'Algernon McCraw', '2021-04-20T16:57:46Z', '8', '55');
INSERT INTO `hired_employees` VALUES ('693', 'Rebeca Rubinsohn', '2022-02-05T05:38:16Z', '3', '156');
INSERT INTO `hired_employees` VALUES ('694', 'Fergus Fiddler', '2021-05-21T01:38:27Z', '9', '115');
INSERT INTO `hired_employees` VALUES ('695', 'Gillan Sheber', '2021-04-19T06:09:16Z', '12', '38');
INSERT INTO `hired_employees` VALUES ('696', 'Evered Schindler', '2021-05-09T13:06:04Z', '9', '59');
INSERT INTO `hired_employees` VALUES ('697', 'Sumner Paulisch', '2021-03-17T01:09:33Z', '4', '164');
INSERT INTO `hired_employees` VALUES ('698', 'Daloris DAmbrosio', '2021-05-12T16:08:02Z', '6', '56');
INSERT INTO `hired_employees` VALUES ('699', 'Nettle Armstrong', '2021-06-17T21:44:49Z', '8', '60');
INSERT INTO `hired_employees` VALUES ('700', 'Amos Oneal', '2021-08-16T10:13:06Z', '7', '54');
INSERT INTO `hired_employees` VALUES ('701', 'Clarie Dionsetti', '2021-08-31T16:56:37Z', '12', '10');
INSERT INTO `hired_employees` VALUES ('702', 'Ettore Duigan', '2021-05-21T01:13:45Z', '10', '28');
INSERT INTO `hired_employees` VALUES ('703', 'Ahmed Cristofolini', '2022-01-01T01:11:48Z', '6', '69');
INSERT INTO `hired_employees` VALUES ('704', 'Linell Bocken', '2022-02-03T14:58:21Z', '4', '107');
INSERT INTO `hired_employees` VALUES ('705', 'Bonita Bethune', '2021-10-09T06:43:41Z', '7', '116');
INSERT INTO `hired_employees` VALUES ('706', 'Valentina MacTavish', '2021-11-06T18:12:29Z', '8', '64');
INSERT INTO `hired_employees` VALUES ('707', 'Berty Ollivierre', '2021-07-17T11:39:45Z', '3', '46');
INSERT INTO `hired_employees` VALUES ('708', 'Charles Bleesing', '2021-08-04T20:40:38Z', '7', '63');
INSERT INTO `hired_employees` VALUES ('709', 'Nev Doghartie', '2021-02-22T15:37:40Z', '6', '42');
INSERT INTO `hired_employees` VALUES ('710', 'Augusto Etherson', '2021-07-28T04:08:09Z', '3', '45');
INSERT INTO `hired_employees` VALUES ('711', 'Andra Walthall', '2021-07-14T11:32:38Z', '4', '54');
INSERT INTO `hired_employees` VALUES ('712', 'Cathrin Bourke', '2021-05-20T07:20:04Z', '3', '59');
INSERT INTO `hired_employees` VALUES ('713', 'Isa Blees', '2021-07-23T15:23:37Z', '3', '66');
INSERT INTO `hired_employees` VALUES ('714', 'Mala Divina', '2021-05-04T04:52:48Z', '6', '171');
INSERT INTO `hired_employees` VALUES ('715', 'Isobel Brettle', '2021-12-21T03:04:31Z', '5', '138');
INSERT INTO `hired_employees` VALUES ('716', 'Evered Cowland', '2021-07-04T11:45:42Z', '5', '68');
INSERT INTO `hired_employees` VALUES ('717', 'Marcelo Lakeland', '2021-04-03T22:41:04Z', '9', '145');
INSERT INTO `hired_employees` VALUES ('718', 'Berty Matei', '2021-10-25T16:46:28Z', '12', '71');
INSERT INTO `hired_employees` VALUES ('719', 'Delmer McCory', '2021-09-15T05:06:53Z', '5', '80');
INSERT INTO `hired_employees` VALUES ('720', 'Shaine Pavlenko', '2021-03-10T08:59:47Z', '9', '58');
INSERT INTO `hired_employees` VALUES ('721', 'Marge Pagelsen', '2021-07-17T20:48:43Z', '3', '20');
INSERT INTO `hired_employees` VALUES ('722', 'Cherilynn Limpenny', '2021-10-21T09:58:04Z', '6', '63');
INSERT INTO `hired_employees` VALUES ('723', 'Alexandrina Sambiedge', '2022-01-27T17:35:44Z', '7', '31');
INSERT INTO `hired_employees` VALUES ('724', 'Bliss Braim', '2021-07-19T01:26:16Z', '4', '25');
INSERT INTO `hired_employees` VALUES ('725', 'Tomas Chesson', '2021-08-14T00:19:33Z', '9', '121');
INSERT INTO `hired_employees` VALUES ('726', 'Leigh Rittelmeyer', '2021-07-24T16:19:53Z', '9', '36');
INSERT INTO `hired_employees` VALUES ('727', 'Raynor Comber', '2021-10-12T13:21:06Z', '6', '118');
INSERT INTO `hired_employees` VALUES ('728', 'Kelwin Voysey', '2021-07-29T22:03:28Z', '12', '79');
INSERT INTO `hired_employees` VALUES ('729', 'Milty Spence', '2021-06-09T11:44:08Z', '7', '57');
INSERT INTO `hired_employees` VALUES ('730', 'Rodolphe Assiter', '2021-06-18T08:04:32Z', '8', '73');
INSERT INTO `hired_employees` VALUES ('731', 'Maynord Swainsbury', '2022-01-19T13:42:28Z', '3', '43');
INSERT INTO `hired_employees` VALUES ('732', 'Cyrille Veazey', '2022-02-11T05:14:27Z', '9', '65');
INSERT INTO `hired_employees` VALUES ('733', 'Parsifal Bernardon', '2021-02-19T11:37:58Z', '5', '91');
INSERT INTO `hired_employees` VALUES ('734', 'Rock Reach', '2021-12-30T11:42:43Z', '10', '97');
INSERT INTO `hired_employees` VALUES ('735', 'Chrissie Adcock', '2021-06-30T17:27:15Z', '2', '55');
INSERT INTO `hired_employees` VALUES ('736', 'Chalmers Aplin', '2021-05-29T22:18:33Z', '7', '59');
INSERT INTO `hired_employees` VALUES ('737', 'Kissiah Edmeades', '2021-05-19T05:03:28Z', '8', '54');
INSERT INTO `hired_employees` VALUES ('738', 'Ettore Mulcock', '2021-11-30T14:24:17Z', '9', '99');
INSERT INTO `hired_employees` VALUES ('739', 'Rafael Seddon', '2021-02-02T16:34:47Z', '9', '144');
INSERT INTO `hired_employees` VALUES ('740', 'Jonie Schapero', '2021-09-21T20:10:08Z', '8', '95');
INSERT INTO `hired_employees` VALUES ('741', 'Malachi Loxton', '2022-01-13T08:58:21Z', '6', '133');
INSERT INTO `hired_employees` VALUES ('742', 'Wadsworth Streatfeild', '2021-09-09T07:15:17Z', '9', '50');
INSERT INTO `hired_employees` VALUES ('743', 'Georg Prince', '2021-10-31T16:51:12Z', '9', '69');
INSERT INTO `hired_employees` VALUES ('744', 'Jilli Feechum', '2022-02-10T11:47:45Z', '5', '52');
INSERT INTO `hired_employees` VALUES ('745', 'Mickie Haverson', '2021-05-06T21:16:22Z', '7', '68');
INSERT INTO `hired_employees` VALUES ('746', 'Lorette Barkhouse', '2021-08-02T16:46:36Z', '11', '76');
INSERT INTO `hired_employees` VALUES ('747', 'Lettie Braden', '2021-03-15T12:22:30Z', '9', '87');
INSERT INTO `hired_employees` VALUES ('748', 'Indira Pitkeathley', '2021-10-28T03:07:10Z', '3', '109');
INSERT INTO `hired_employees` VALUES ('749', 'Roseanne Emps', '2022-02-14T00:13:48Z', '7', '55');
INSERT INTO `hired_employees` VALUES ('750', 'Alidia Fulmen', '2021-12-23T12:38:00Z', '3', '69');
INSERT INTO `hired_employees` VALUES ('751', 'Zarah Swigger', '2022-01-30T04:03:58Z', '6', '107');
INSERT INTO `hired_employees` VALUES ('752', 'Dennet Skaif', '2021-10-08T03:28:08Z', '3', '47');
INSERT INTO `hired_employees` VALUES ('753', 'Victoria Kordt', '2021-02-07T16:29:45Z', '12', '53');
INSERT INTO `hired_employees` VALUES ('754', 'Aldis Branford', '2021-09-07T22:00:56Z', '4', '58');
INSERT INTO `hired_employees` VALUES ('755', 'Cass Wilton', '2021-05-25T17:39:37Z', '3', '42');
INSERT INTO `hired_employees` VALUES ('756', 'Rickie Sacher', '2021-09-10T02:16:45Z', '9', '68');
INSERT INTO `hired_employees` VALUES ('757', 'Patrizio Billingsly', '2021-07-08T20:56:14Z', '5', '126');
INSERT INTO `hired_employees` VALUES ('758', 'Dyanne Rainy', '2021-06-11T00:56:42Z', '8', NULL);
INSERT INTO `hired_employees` VALUES ('759', 'Stern Di Biaggi', '2021-05-14T13:25:51Z', '7', '52');
INSERT INTO `hired_employees` VALUES ('760', 'Giuditta Mower', '2021-07-20T03:00:34Z', '7', '166');
INSERT INTO `hired_employees` VALUES ('761', 'Adi Tilburn', '2021-05-23T19:21:04Z', '11', '104');
INSERT INTO `hired_employees` VALUES ('762', 'Frank Creane', '2021-09-26T15:46:49Z', '7', '51');
INSERT INTO `hired_employees` VALUES ('763', 'Rozella Domleo', '2021-07-27T21:55:10Z', '8', '109');
INSERT INTO `hired_employees` VALUES ('764', 'Nancee Jakubczyk', '2021-07-29T04:51:22Z', '8', '47');
INSERT INTO `hired_employees` VALUES ('765', 'Rosemary Brabyn', '2021-02-23T04:36:02Z', '3', '32');
INSERT INTO `hired_employees` VALUES ('766', '2021-05-31T05:31:53Z', '2', '67', '');
INSERT INTO `hired_employees` VALUES ('767', 'Heinrik Fucher', '2022-01-01T04:57:08Z', '9', '60');
INSERT INTO `hired_employees` VALUES ('768', 'Moises Matysik', '2021-07-02T05:17:36Z', '8', '105');
INSERT INTO `hired_employees` VALUES ('769', 'Alena Colliver', '2021-02-08T01:15:16Z', '4', '110');
INSERT INTO `hired_employees` VALUES ('770', 'Ally Binley', '2021-09-11T02:00:56Z', '8', '104');
INSERT INTO `hired_employees` VALUES ('771', 'Theo Simcock', '2021-06-14T11:21:57Z', '7', '64');
INSERT INTO `hired_employees` VALUES ('772', 'Loralyn Carnie', '2021-02-20T18:13:06Z', '9', '132');
INSERT INTO `hired_employees` VALUES ('773', '2021-11-16T02:34:50Z', '5', '35', '');
INSERT INTO `hired_employees` VALUES ('774', 'Agata Magrane', '2022-01-16T17:56:33Z', '6', '152');
INSERT INTO `hired_employees` VALUES ('775', 'Clarice Maun', '2021-07-10T10:31:57Z', '7', '153');
INSERT INTO `hired_employees` VALUES ('776', 'Cele Marciek', '2022-01-22T02:19:51Z', '3', '83');
INSERT INTO `hired_employees` VALUES ('777', 'Milo Geraldez', '2021-05-15T07:32:38Z', '7', '142');
INSERT INTO `hired_employees` VALUES ('778', 'Ross Fuggle', '2021-11-29T15:13:22Z', '9', '83');
INSERT INTO `hired_employees` VALUES ('779', 'Darwin Rycroft', '2021-03-07T15:25:52Z', '9', '117');
INSERT INTO `hired_employees` VALUES ('780', 'Annabelle Edmonston', '2022-02-01T20:15:42Z', '2', '79');
INSERT INTO `hired_employees` VALUES ('781', 'Junina Vasishchev', '2022-02-17T00:01:13Z', '8', '74');
INSERT INTO `hired_employees` VALUES ('782', 'Risa Kiddye', '2022-01-01T21:41:23Z', '11', '71');
INSERT INTO `hired_employees` VALUES ('783', 'Herve Shakespeare', '2021-05-13T14:01:00Z', '7', '116');
INSERT INTO `hired_employees` VALUES ('784', 'Selby Raspison', '2021-12-23T02:20:02Z', '3', '50');
INSERT INTO `hired_employees` VALUES ('785', 'Torey Spadelli', '2021-05-31T15:18:58Z', '5', '53');
INSERT INTO `hired_employees` VALUES ('786', 'Virgie Yong', '2021-11-16T18:03:24Z', '5', '55');
INSERT INTO `hired_employees` VALUES ('787', 'Flossi Hernik', '2021-02-03T03:35:09Z', '9', '64');
INSERT INTO `hired_employees` VALUES ('788', 'Christie Hadlow', '2021-06-24T20:52:53Z', '9', '53');
INSERT INTO `hired_employees` VALUES ('789', 'Jennine Fakeley', '2', '94', '');
INSERT INTO `hired_employees` VALUES ('790', 'Emmie Baly', '2022-02-18T18:02:41Z', '5', '66');
INSERT INTO `hired_employees` VALUES ('791', 'Theda Mossman', '2021-08-25T20:47:09Z', '6', '61');
INSERT INTO `hired_employees` VALUES ('792', 'Hetty Cawthery', '2022-01-21T11:08:04Z', '10', NULL);
INSERT INTO `hired_employees` VALUES ('793', 'Shanna Luisetti', '2021-05-31T09:02:52Z', '4', '52');
INSERT INTO `hired_employees` VALUES ('794', 'Loise Watkiss', '2021-05-10T05:56:39Z', '6', '63');
INSERT INTO `hired_employees` VALUES ('795', 'Bonny Storms', '2021-06-20T14:36:13Z', '6', '43');
INSERT INTO `hired_employees` VALUES ('796', 'Roxane McCahill', '2021-03-31T02:28:56Z', '10', '70');
INSERT INTO `hired_employees` VALUES ('797', 'Ruddie De Morena', '2021-10-01T06:16:46Z', '4', '81');
INSERT INTO `hired_employees` VALUES ('798', 'Bridie Burless', '2021-07-24T13:15:28Z', '7', '74');
INSERT INTO `hired_employees` VALUES ('799', 'Kristien Leeds', '2021-03-10T07:35:09Z', '5', '58');
INSERT INTO `hired_employees` VALUES ('800', 'Karylin Glusby', '2021-08-12T18:49:22Z', '9', '65');
INSERT INTO `hired_employees` VALUES ('801', 'Ursala Cloy', '2021-08-09T12:04:53Z', '10', '59');
INSERT INTO `hired_employees` VALUES ('802', 'Kelley Prop', '2021-05-17T22:42:27Z', '5', '109');
INSERT INTO `hired_employees` VALUES ('803', 'Vivyanne Bohlens', '2021-10-05T13:00:27Z', '11', '55');
INSERT INTO `hired_employees` VALUES ('804', 'Gracia Sibylla', '2021-09-18T23:55:01Z', '9', '149');
INSERT INTO `hired_employees` VALUES ('805', 'Rudie Omand', '2022-01-12T11:59:08Z', '6', '73');
INSERT INTO `hired_employees` VALUES ('806', 'Barth Plott', '2021-05-10T22:10:37Z', '5', '53');
INSERT INTO `hired_employees` VALUES ('807', 'Emmet Gridon', '2021-07-02T23:16:42Z', '12', '50');
INSERT INTO `hired_employees` VALUES ('808', 'Electra Frary', '2021-11-08T10:37:37Z', '5', '81');
INSERT INTO `hired_employees` VALUES ('809', 'Krishnah Gilham', '2022-02-13T04:03:01Z', '6', '67');
INSERT INTO `hired_employees` VALUES ('810', 'Lia Marshal', '2022-02-01T01:51:26Z', '5', '50');
INSERT INTO `hired_employees` VALUES ('811', 'Georgeanna Egan', '2021-09-21T16:23:23Z', '3', '60');
INSERT INTO `hired_employees` VALUES ('812', 'Izzy Hammerson', '2021-12-05T06:48:48Z', '3', '63');
INSERT INTO `hired_employees` VALUES ('813', 'Betty Juara', '2021-03-04T17:54:57Z', '5', '43');
INSERT INTO `hired_employees` VALUES ('814', 'Theodore Pigeon', '2022-01-19T08:37:25Z', '5', '35');
INSERT INTO `hired_employees` VALUES ('815', 'Lucian Carmo', '2022-01-29T01:13:55Z', '5', '64');
INSERT INTO `hired_employees` VALUES ('816', 'Caralie Landrick', '2021-08-25T16:20:38Z', '5', '103');
INSERT INTO `hired_employees` VALUES ('817', 'Virge Algar', '2022-01-21T12:23:15Z', '6', '68');
INSERT INTO `hired_employees` VALUES ('818', 'Yancy Tapply', '2021-03-08T16:17:01Z', '8', '130');
INSERT INTO `hired_employees` VALUES ('819', 'Winnah Benthall', '2022-01-11T22:50:26Z', '11', '65');
INSERT INTO `hired_employees` VALUES ('820', 'Myrna Buse', '2021-04-20T21:32:34Z', '2', '98');
INSERT INTO `hired_employees` VALUES ('821', 'Lindsay Yven', '2021-08-10T08:04:48Z', '10', '9');
INSERT INTO `hired_employees` VALUES ('822', 'Ericha Doohan', '2021-07-12T05:53:34Z', '4', '55');
INSERT INTO `hired_employees` VALUES ('823', 'Barr Benam', '2021-11-23T12:25:15Z', '7', '46');
INSERT INTO `hired_employees` VALUES ('824', 'Kaitlynn Rannald', '2021-04-18T15:11:19Z', '64', '');
INSERT INTO `hired_employees` VALUES ('825', 'Daisi Glasscock', '2021-06-18T01:07:26Z', '3', '34');
INSERT INTO `hired_employees` VALUES ('826', 'Holly Pietroni', '2021-05-05T21:10:33Z', '8', '89');
INSERT INTO `hired_employees` VALUES ('827', 'Opalina Dowdell', '2021-12-24T00:11:19Z', '5', '84');
INSERT INTO `hired_employees` VALUES ('828', 'Rickey Pickering', '2021-06-01T01:35:52Z', '6', '36');
INSERT INTO `hired_employees` VALUES ('829', 'Cory Lawlan', '2021-11-15T09:24:55Z', '3', '53');
INSERT INTO `hired_employees` VALUES ('830', 'Charla Pottes', '2021-11-23T17:02:47Z', '4', '85');
INSERT INTO `hired_employees` VALUES ('831', '2021-10-22T16:30:46Z', '6', '11', '');
INSERT INTO `hired_employees` VALUES ('832', 'Letta Paull', '2021-10-29T02:35:02Z', '122', '');
INSERT INTO `hired_employees` VALUES ('833', 'Essa Cottingham', '2022-02-12T16:37:52Z', '8', '113');
INSERT INTO `hired_employees` VALUES ('834', 'Kurtis Dallin', '2021-08-26T07:52:05Z', '5', '53');
INSERT INTO `hired_employees` VALUES ('835', 'Coleman Friary', '2021-09-15T03:08:03Z', '8', '45');
INSERT INTO `hired_employees` VALUES ('836', 'Jorgan Hillaby', '2022-02-17T20:01:00Z', '8', '92');
INSERT INTO `hired_employees` VALUES ('837', 'Wilton Muldrew', '2021-08-05T03:41:35Z', '3', '9');
INSERT INTO `hired_employees` VALUES ('838', 'Sheeree Romei', '2022-01-23T19:30:31Z', '6', '103');
INSERT INTO `hired_employees` VALUES ('839', 'Camille Brumble', '2022-02-02T23:11:47Z', '10', '66');
INSERT INTO `hired_employees` VALUES ('840', 'Haily Dicken', '2021-06-02T23:40:43Z', '6', '51');
INSERT INTO `hired_employees` VALUES ('841', 'Burlie Cuttin', '2021-12-16T15:07:37Z', '4', '67');
INSERT INTO `hired_employees` VALUES ('842', 'Lelah Syder', '2021-09-14T01:55:50Z', '7', '62');
INSERT INTO `hired_employees` VALUES ('843', 'Julio Pallaske', '2021-12-26T12:06:57Z', '4', '66');
INSERT INTO `hired_employees` VALUES ('844', 'Agnesse Fazan', '2021-04-15T14:17:58Z', '7', '53');
INSERT INTO `hired_employees` VALUES ('845', 'Knox Kinig', '2021-07-07T13:25:43Z', '4', '66');
INSERT INTO `hired_employees` VALUES ('846', 'Rouvin Gatch', '2021-05-07T18:31:10Z', '9', '54');
INSERT INTO `hired_employees` VALUES ('847', 'Myrtia Bertrand', '2021-12-01T22:21:26Z', '9', '61');
INSERT INTO `hired_employees` VALUES ('848', 'Randolph Revance', '2021-10-09T10:12:36Z', '11', '74');
INSERT INTO `hired_employees` VALUES ('849', 'Melina Pires', '2021-05-13T12:00:46Z', '9', '82');
INSERT INTO `hired_employees` VALUES ('850', 'Chryste Farndell', '2021-05-28T06:27:59Z', '1', '68');
INSERT INTO `hired_employees` VALUES ('851', 'Karna Miles', '2021-07-02T22:00:33Z', '4', '30');
INSERT INTO `hired_employees` VALUES ('852', 'Titus Shotter', '2021-04-19T05:42:07Z', '1', '107');
INSERT INTO `hired_employees` VALUES ('853', 'Meryl Bellerby', '2021-05-25T23:05:12Z', '8', '109');
INSERT INTO `hired_employees` VALUES ('854', 'Normie Haugen', '2021-12-24T00:47:20Z', '12', '100');
INSERT INTO `hired_employees` VALUES ('855', 'Hanna Ilyas', '2021-11-14T17:36:26Z', '8', '66');
INSERT INTO `hired_employees` VALUES ('856', 'Quinta Biddell', '2021-05-06T08:05:22Z', '4', '178');
INSERT INTO `hired_employees` VALUES ('857', 'Joyann Trump', '2022-02-02T00:53:43Z', '6', '67');
INSERT INTO `hired_employees` VALUES ('858', 'Cirilo Kemer', '2021-06-28T03:01:01Z', '9', '53');
INSERT INTO `hired_employees` VALUES ('859', 'Saree Balnaves', '2021-08-26T09:56:13Z', '10', '56');
INSERT INTO `hired_employees` VALUES ('860', 'Marin Elington', '2022-02-08T10:39:02Z', '1', '68');
INSERT INTO `hired_employees` VALUES ('861', 'Ferdinanda Montel', '2021-09-08T19:08:49Z', '8', '145');
INSERT INTO `hired_employees` VALUES ('862', 'Yoko Minards', '2021-06-05T01:00:09Z', '8', '123');
INSERT INTO `hired_employees` VALUES ('863', 'Rafferty Queste', '2021-05-16T04:14:22Z', '9', '135');
INSERT INTO `hired_employees` VALUES ('864', 'Alane James', '2021-12-30T17:18:24Z', '4', '46');
INSERT INTO `hired_employees` VALUES ('865', 'Sebastian Fereday', '2021-04-24T16:53:18Z', '3', '97');
INSERT INTO `hired_employees` VALUES ('866', 'Nessie Attoc', '2021-06-30T07:29:57Z', '8', '50');
INSERT INTO `hired_employees` VALUES ('867', 'Betsey Sweed', '2021-03-23T13:05:34Z', '6', '66');
INSERT INTO `hired_employees` VALUES ('868', 'Josefina Shaughnessy', '2021-06-24T16:10:06Z', '4', '86');
INSERT INTO `hired_employees` VALUES ('869', 'Cesaro Neggrini', '2021-12-14T11:36:55Z', '3', '111');
INSERT INTO `hired_employees` VALUES ('870', 'Baldwin Purvess', '2021-12-26T08:05:10Z', '6', '95');
INSERT INTO `hired_employees` VALUES ('871', 'Toiboid Opdenorth', '2021-10-09T12:07:38Z', '5', '72');
INSERT INTO `hired_employees` VALUES ('872', 'Hedwig Cuningham', '2021-02-25T06:29:29Z', '10', '53');
INSERT INTO `hired_employees` VALUES ('873', 'Aldous Walworche', '2021-11-11T15:57:19Z', '2', '96');
INSERT INTO `hired_employees` VALUES ('874', 'Lorettalorna Spyer', '2021-12-21T05:42:31Z', '5', '37');
INSERT INTO `hired_employees` VALUES ('875', 'Florencia Ealden', '2021-04-28T22:46:05Z', '5', '38');
INSERT INTO `hired_employees` VALUES ('876', 'Ignacio Cutmare', '2021-04-02T03:56:39Z', '3', '58');
INSERT INTO `hired_employees` VALUES ('877', 'Tadio Low', '2021-06-05T14:51:06Z', '7', '84');
INSERT INTO `hired_employees` VALUES ('878', 'Billie Clyburn', '2022-02-08T03:31:23Z', '10', '86');
INSERT INTO `hired_employees` VALUES ('879', 'Waylin Horsfield', '2021-07-19T10:35:56Z', '8', '60');
INSERT INTO `hired_employees` VALUES ('880', 'Lotti Flewett', '2021-08-26T03:04:00Z', '7', '86');
INSERT INTO `hired_employees` VALUES ('881', 'Frederich Roswarn', '2022-02-05T17:16:15Z', '8', '32');
INSERT INTO `hired_employees` VALUES ('882', 'Carleen Catterill', '2021-05-04T05:57:27Z', '7', '145');
INSERT INTO `hired_employees` VALUES ('883', 'Batholomew Shorbrook', '2021-07-27T20:19:52Z', '5', '66');
INSERT INTO `hired_employees` VALUES ('884', 'Joey Kobera', '2021-11-30T04:47:29Z', '9', '145');
INSERT INTO `hired_employees` VALUES ('885', 'Lorne Halfhead', '2022-01-02T07:46:09Z', '10', '60');
INSERT INTO `hired_employees` VALUES ('886', 'Judy Beynke', '2021-08-19T06:57:40Z', '4', '63');
INSERT INTO `hired_employees` VALUES ('887', 'Trudey Jellard', '2021-03-26T18:34:03Z', '4', '46');
INSERT INTO `hired_employees` VALUES ('888', 'Willetta Wickey', '2021-07-26T05:22:04Z', '7', '152');
INSERT INTO `hired_employees` VALUES ('889', 'Sibylla Abram', '2021-10-10T03:10:42Z', '8', '89');
INSERT INTO `hired_employees` VALUES ('890', 'Carlina Rilston', '2022-02-02T07:34:10Z', '6', '114');
INSERT INTO `hired_employees` VALUES ('891', 'Brandy Prestney', '2021-06-03T22:18:40Z', '3', '51');
INSERT INTO `hired_employees` VALUES ('892', 'Thedrick Glew', '2021-11-10T00:17:04Z', '6', '36');
INSERT INTO `hired_employees` VALUES ('893', 'Nertie Sigward', '2021-08-20T05:36:10Z', '7', '111');
INSERT INTO `hired_employees` VALUES ('894', 'Catina Adamowitz', '2021-12-05T15:55:10Z', '10', '77');
INSERT INTO `hired_employees` VALUES ('895', 'Adela Ivain', '2021-05-08T05:41:35Z', '5', '126');
INSERT INTO `hired_employees` VALUES ('896', 'Mata Yanukhin', '2021-03-08T05:52:27Z', '4', '66');
INSERT INTO `hired_employees` VALUES ('897', 'Pasquale Wreiford', '2021-11-21T04:49:33Z', '8', '57');
INSERT INTO `hired_employees` VALUES ('898', 'Amye Pauel', '2021-02-19T17:55:13Z', '4', '51');
INSERT INTO `hired_employees` VALUES ('899', 'Helen-elizabeth Culpin', '2021-09-19T23:55:34Z', '8', '77');
INSERT INTO `hired_employees` VALUES ('900', 'Darb Holberry', '2021-07-02T15:03:10Z', '6', '41');
INSERT INTO `hired_employees` VALUES ('901', 'Hyacinthie Sillick', '2021-06-02T04:54:47Z', '8', '62');
INSERT INTO `hired_employees` VALUES ('902', 'Diandra Malkinson', '2021-06-07T19:10:49Z', '10', '68');
INSERT INTO `hired_employees` VALUES ('903', 'Carolyn Stebbing', '2022-01-30T20:01:50Z', '10', '32');
INSERT INTO `hired_employees` VALUES ('904', 'Roi Drakers', '2021-03-20T03:39:18Z', '8', '158');
INSERT INTO `hired_employees` VALUES ('905', 'Lib Monahan', '2021-11-04T12:40:34Z', '4', '50');
INSERT INTO `hired_employees` VALUES ('906', 'Currie Brettle', '2022-01-14T06:07:24Z', '8', '56');
INSERT INTO `hired_employees` VALUES ('907', 'Maurizio Gorman', '2021-03-22T23:25:55Z', '7', '71');
INSERT INTO `hired_employees` VALUES ('908', 'Roxy Heinrici', '2021-12-06T20:53:55Z', '8', '74');
INSERT INTO `hired_employees` VALUES ('909', 'Zebedee MacFaell', '2021-12-30T20:25:03Z', '8', '122');
INSERT INTO `hired_employees` VALUES ('910', 'Bar OKeefe', '2021-12-03T14:58:09Z', '11', '76');
INSERT INTO `hired_employees` VALUES ('911', 'Darill Josse', '2022-02-18T23:51:51Z', '5', '71');
INSERT INTO `hired_employees` VALUES ('912', 'Ottilie Vearncomb', '2021-04-19T02:35:41Z', '4', '99');
INSERT INTO `hired_employees` VALUES ('913', 'Moll Danat', '2021-08-16T22:46:13Z', '1', '7');
INSERT INTO `hired_employees` VALUES ('914', 'Freeman Felderer', '2021-02-04T09:53:52Z', '6', '128');
INSERT INTO `hired_employees` VALUES ('915', 'Hyatt Oulett', '2022-01-11T13:51:35Z', '9', '72');
INSERT INTO `hired_employees` VALUES ('916', 'Nanon Grishechkin', '2021-10-06T18:49:57Z', '3', '82');
INSERT INTO `hired_employees` VALUES ('917', 'Gaby Peschka', '2021-11-27T18:01:33Z', '8', '118');
INSERT INTO `hired_employees` VALUES ('918', 'Brooke Liddel', '2021-03-18T23:30:58Z', '9', '10');
INSERT INTO `hired_employees` VALUES ('919', 'Bobbie Stickells', '2022-01-09T21:33:32Z', '8', '175');
INSERT INTO `hired_employees` VALUES ('920', 'Herculie Wolfart', '2022-02-03T13:41:48Z', '8', '92');
INSERT INTO `hired_employees` VALUES ('921', 'Dion Aveling', '2021-09-14T08:25:13Z', '10', '27');
INSERT INTO `hired_employees` VALUES ('922', 'Vincents Phillipp', '2021-05-24T16:01:27Z', '7', '70');
INSERT INTO `hired_employees` VALUES ('923', 'Gill Cocks', '2021-04-21T02:49:22Z', '8', '82');
INSERT INTO `hired_employees` VALUES ('924', 'Brunhilde Taggert', '2021-11-05T12:57:16Z', '9', '51');
INSERT INTO `hired_employees` VALUES ('925', 'Cary Vedyasov', '2021-12-13T12:25:58Z', '5', '36');
INSERT INTO `hired_employees` VALUES ('926', 'Kath Greste', '2021-11-20T12:48:00Z', '6', '80');
INSERT INTO `hired_employees` VALUES ('927', 'Lamond Klimaszewski', '2021-08-14T04:24:42Z', '8', '114');
INSERT INTO `hired_employees` VALUES ('928', 'Leroi Flynn', '2021-07-19T05:22:51Z', '5', '40');
INSERT INTO `hired_employees` VALUES ('929', 'Antonin Sabbins', '2021-06-02T12:21:45Z', '10', '113');
INSERT INTO `hired_employees` VALUES ('930', 'Jorrie Obin', '2021-04-02T22:45:06Z', '4', '88');
INSERT INTO `hired_employees` VALUES ('931', 'Wilhelmine Coulthard', '2021-07-30T06:05:42Z', '7', '57');
INSERT INTO `hired_employees` VALUES ('932', 'Celeste Stops', '2021-02-07T22:14:01Z', '8', NULL);
INSERT INTO `hired_employees` VALUES ('933', 'Albrecht Karolowski', '2021-07-30T02:42:19Z', '5', '18');
INSERT INTO `hired_employees` VALUES ('934', 'Spence Sponer', '2021-10-04T19:42:20Z', '8', '64');
INSERT INTO `hired_employees` VALUES ('935', 'Noelle Garm', '2022-02-10T06:03:40Z', '6', '77');
INSERT INTO `hired_employees` VALUES ('936', 'Nelly Vasnetsov', '2021-10-03T19:08:31Z', '11', '101');
INSERT INTO `hired_employees` VALUES ('937', '2021-03-26T20:41:40Z', '3', '60', '');
INSERT INTO `hired_employees` VALUES ('938', 'Gillie Akess', '2021-08-28T23:00:16Z', '8', '120');
INSERT INTO `hired_employees` VALUES ('939', 'Keeley Erie', '2021-06-09T23:54:57Z', '10', '46');
INSERT INTO `hired_employees` VALUES ('940', 'Klara Grumell', '2022-02-20T21:35:29Z', '12', '134');
INSERT INTO `hired_employees` VALUES ('941', 'Jennee McNirlan', '2021-12-03T21:34:36Z', '7', '97');
INSERT INTO `hired_employees` VALUES ('942', 'Joaquin Kamenar', '2021-11-29T11:54:05Z', '64', '');
INSERT INTO `hired_employees` VALUES ('943', 'Samson Folomin', '2021-03-07T18:20:04Z', '9', '83');
INSERT INTO `hired_employees` VALUES ('944', 'Rhonda Jephcote', '2021-05-04T21:22:06Z', '4', '73');
INSERT INTO `hired_employees` VALUES ('945', 'Lavinie Josey', '2021-05-11T14:47:22Z', '4', '109');
INSERT INTO `hired_employees` VALUES ('946', 'Ellsworth Vedyasov', '2021-05-23T06:27:20Z', '8', '54');
INSERT INTO `hired_employees` VALUES ('947', 'Paton Frary', '2021-07-30T09:44:21Z', '7', '95');
INSERT INTO `hired_employees` VALUES ('948', 'Alexandre Ibanez', '2021-02-20T20:57:48Z', '5', '15');
INSERT INTO `hired_employees` VALUES ('949', 'Guinevere Spence', '2021-03-04T12:07:57Z', '9', '168');
INSERT INTO `hired_employees` VALUES ('950', 'Devy Willarton', '2021-11-04T22:27:36Z', '6', '64');
INSERT INTO `hired_employees` VALUES ('951', 'Beaufort Bhar', '2022-01-01T13:12:27Z', '7', '132');
INSERT INTO `hired_employees` VALUES ('952', 'Krisha Bettlestone', '2022-01-01T23:48:50Z', '9', '58');
INSERT INTO `hired_employees` VALUES ('953', 'Garwood Boosey', '2022-02-07T23:05:05Z', '6', '40');
INSERT INTO `hired_employees` VALUES ('954', 'Vevay Donneely', '2022-01-04T20:14:24Z', '3', '52');
INSERT INTO `hired_employees` VALUES ('955', 'Shena Gore', '2021-08-16T21:25:08Z', '9', NULL);
INSERT INTO `hired_employees` VALUES ('956', 'Brena Myrick', '2022-01-06T03:39:27Z', '4', '35');
INSERT INTO `hired_employees` VALUES ('957', 'Jud Clash', '2021-04-27T11:28:21Z', '5', '45');
INSERT INTO `hired_employees` VALUES ('958', 'Esdras Milburne', '2022-01-30T12:36:20Z', '5', '62');
INSERT INTO `hired_employees` VALUES ('959', 'Marylinda Ellam', '2022-01-04T23:18:04Z', '5', '86');
INSERT INTO `hired_employees` VALUES ('960', 'Daphene Lovemore', '2021-09-13T14:37:43Z', '9', '71');
INSERT INTO `hired_employees` VALUES ('961', 'Lionello Andriesse', '2022-02-12T05:19:44Z', '8', NULL);
INSERT INTO `hired_employees` VALUES ('962', 'Guinna Facey', '2022-02-07T04:04:34Z', '4', '102');
INSERT INTO `hired_employees` VALUES ('963', 'Stevie Daniels', '2021-11-27T15:01:22Z', '5', '64');
INSERT INTO `hired_employees` VALUES ('964', 'Baldwin Hobgen', '2021-11-05T04:46:59Z', '3', '64');
INSERT INTO `hired_employees` VALUES ('965', 'Lita Jahner', '2021-04-10T00:47:56Z', '8', '60');
INSERT INTO `hired_employees` VALUES ('966', 'Gertrud Magson', '2022-02-02T10:24:52Z', '2', '42');
INSERT INTO `hired_employees` VALUES ('967', 'Jessee Lopez', '2021-10-17T17:04:58Z', '6', '37');
INSERT INTO `hired_employees` VALUES ('968', 'Gunar Sreenan', '2021-06-13T12:10:28Z', '5', '71');
INSERT INTO `hired_employees` VALUES ('969', 'Dulcea Banner', '2021-10-23T15:12:49Z', '3', '37');
INSERT INTO `hired_employees` VALUES ('970', '2021-08-08T06:06:40Z', '4', '33', '');
INSERT INTO `hired_employees` VALUES ('971', 'Katherina Garoghan', '2021-12-17T17:49:37Z', '7', '85');
INSERT INTO `hired_employees` VALUES ('972', 'Bridgette Sapseed', '2021-09-12T18:31:04Z', '8', '158');
INSERT INTO `hired_employees` VALUES ('973', 'Stanleigh Welbeck', '2022-02-12T05:06:22Z', '10', '97');
INSERT INTO `hired_employees` VALUES ('974', 'Hewet Civitillo', '2021-06-17T20:27:34Z', '6', '97');
INSERT INTO `hired_employees` VALUES ('975', 'Gina MacAllen', '2021-11-15T16:17:51Z', '3', '106');
INSERT INTO `hired_employees` VALUES ('976', 'Gerrard Clewett', '2021-03-10T08:19:27Z', '2', '85');
INSERT INTO `hired_employees` VALUES ('977', 'Tremain Kenningley', '2021-03-16T01:52:49Z', '1', '39');
INSERT INTO `hired_employees` VALUES ('978', 'Harwilll Mattiato', '2021-08-23T11:30:08Z', '4', '127');
INSERT INTO `hired_employees` VALUES ('979', 'Marney Oslar', '2021-12-13T02:36:36Z', '6', '50');
INSERT INTO `hired_employees` VALUES ('980', 'Crystal Bangham', '2022-01-27T11:51:29Z', '4', '44');
INSERT INTO `hired_employees` VALUES ('981', 'Hadlee Bonnar', '2021-04-29T00:00:37Z', '7', '158');
INSERT INTO `hired_employees` VALUES ('982', 'Kermy Bunton', '2021-06-23T20:56:05Z', '5', '64');
INSERT INTO `hired_employees` VALUES ('983', 'Felicia Gunton', '2021-08-09T04:54:47Z', '8', '100');
INSERT INTO `hired_employees` VALUES ('984', 'Violette Hallewell', '2021-08-03T10:11:53Z', '8', '142');
INSERT INTO `hired_employees` VALUES ('985', 'Erena Search', '2022-01-07T13:13:18Z', '9', '78');
INSERT INTO `hired_employees` VALUES ('986', 'Starla Drugan', '2021-04-24T14:10:15Z', '4', '54');
INSERT INTO `hired_employees` VALUES ('987', 'Shaina Shervington', '2021-12-13T10:05:09Z', '3', '60');
INSERT INTO `hired_employees` VALUES ('988', 'Danya Kid', '2021-10-12T03:46:10Z', '6', '87');
INSERT INTO `hired_employees` VALUES ('989', 'Sherrie Armor', '2021-10-12T01:14:30Z', '4', '65');
INSERT INTO `hired_employees` VALUES ('990', 'Claudian Eardley', '2022-01-24T14:38:23Z', '5', '125');
INSERT INTO `hired_employees` VALUES ('991', 'Alissa Stafford', '2022-01-13T12:54:26Z', '3', '79');
INSERT INTO `hired_employees` VALUES ('992', 'Tad Rowan', '2021-11-15T06:08:43Z', '5', '35');
INSERT INTO `hired_employees` VALUES ('993', 'Maggy Mendez', '2021-04-11T12:51:33Z', '3', '61');
INSERT INTO `hired_employees` VALUES ('994', 'Hedi Parramore', '2022-01-07T06:21:37Z', '4', '38');
INSERT INTO `hired_employees` VALUES ('995', 'Goran Carde', '2021-08-22T21:57:53Z', '7', '22');
INSERT INTO `hired_employees` VALUES ('996', 'Cirstoforo Pettipher', '2021-04-01T17:48:42Z', '12', '97');
INSERT INTO `hired_employees` VALUES ('997', 'Wilek OCridigan', '2021-05-04T12:19:50Z', '6', '99');
INSERT INTO `hired_employees` VALUES ('998', 'Jerry Ducker', '2021-10-03T14:12:50Z', '6', '116');
INSERT INTO `hired_employees` VALUES ('999', 'Jerri Osmar', '2022-01-18T10:47:37Z', '8', '95');
INSERT INTO `hired_employees` VALUES ('1000', 'Vivian OBoyle', '2021-11-08T19:06:28Z', '6', '134');
INSERT INTO `hired_employees` VALUES ('1001', 'Harold Abram', '2021-11-07T02:48:42Z', '6', '76');
INSERT INTO `hired_employees` VALUES ('1002', 'Ty Adamowitz', '2021-05-30T05:43:46Z', '4', '104');
INSERT INTO `hired_employees` VALUES ('1003', 'Lyman Adcock', '2021-09-01T23:27:38Z', '7', '16');
INSERT INTO `hired_employees` VALUES ('1004', 'Lotti Adkin', '2021-10-01T13:04:21Z', '4', '133');
INSERT INTO `hired_employees` VALUES ('1005', 'Gretna Agnolo', '2021-10-10T22:22:17Z', '4', '47');
INSERT INTO `hired_employees` VALUES ('1006', 'Marlow Aizikov', '2021-04-23T23:45:42Z', '6', '71');
INSERT INTO `hired_employees` VALUES ('1007', 'Joan Akehurst', '2021-10-10T01:33:31Z', '6', '62');
INSERT INTO `hired_employees` VALUES ('1008', 'Ulrick Akess', '2021-07-24T01:28:40Z', '2', '54');
INSERT INTO `hired_employees` VALUES ('1009', 'Lucretia Alabaster', '2021-04-01T21:22:47Z', '8', '88');
INSERT INTO `hired_employees` VALUES ('1010', 'Arty Alexsandrev', '2022-02-08T12:27:07Z', '8', '39');
INSERT INTO `hired_employees` VALUES ('1011', 'Libbi Algar', '2021-07-05T04:55:10Z', '8', '68');
INSERT INTO `hired_employees` VALUES ('1012', 'Jacky Allchin', '2021-06-20T11:59:41Z', '8', '34');
INSERT INTO `hired_employees` VALUES ('1013', 'Raine Allcock', '2021-12-23T08:23:34Z', '5', '70');
INSERT INTO `hired_employees` VALUES ('1014', 'Melonie Allon', '2021-12-30T23:08:59Z', '4', '69');
INSERT INTO `hired_employees` VALUES ('1015', 'Robers Amesbury', '2021-02-16T20:00:38Z', '5', '154');
INSERT INTO `hired_employees` VALUES ('1016', 'Bone Anders', '2021-06-21T09:11:06Z', '7', '125');
INSERT INTO `hired_employees` VALUES ('1017', 'Andee Andri', '2021-04-01T10:28:22Z', '6', '94');
INSERT INTO `hired_employees` VALUES ('1018', 'Gay Andriesse', '2021-12-24T13:40:11Z', '5', '115');
INSERT INTO `hired_employees` VALUES ('1019', 'Loralie Andrzejczak', '2021-10-19T20:10:46Z', '6', '143');
INSERT INTO `hired_employees` VALUES ('1020', 'Tobi Angeau', '2022-02-20T07:46:22Z', '7', '40');
INSERT INTO `hired_employees` VALUES ('1021', 'Mandel Annwyl', '2021-12-18T22:55:26Z', '7', '96');
INSERT INTO `hired_employees` VALUES ('1022', 'Toddy Antalffy', '2021-12-05T18:00:50Z', '6', '129');
INSERT INTO `hired_employees` VALUES ('1023', 'Jeremias Antecki', '2021-10-01T08:16:32Z', '7', '63');
INSERT INTO `hired_employees` VALUES ('1024', 'Lemar Aplin', '2021-07-13T15:39:49Z', '3', '20');
INSERT INTO `hired_employees` VALUES ('1025', 'Tanner Arboin', '2021-10-16T05:41:59Z', '4', '141');
INSERT INTO `hired_employees` VALUES ('1026', 'Bartolomeo Arghent', '2021-02-07T09:03:49Z', '6', '92');
INSERT INTO `hired_employees` VALUES ('1027', 'Elvina Armor', '2021-09-29T20:34:33Z', '3', '23');
INSERT INTO `hired_employees` VALUES ('1028', 'Letitia Armstrong', '2021-11-20T15:33:14Z', '8', '137');
INSERT INTO `hired_employees` VALUES ('1029', 'Warner Aronsohn', '2021-08-30T17:22:09Z', '3', '99');
INSERT INTO `hired_employees` VALUES ('1030', 'Geri Ashpital', '2022-02-16T21:08:33Z', '5', '49');
INSERT INTO `hired_employees` VALUES ('1031', 'Jerald Assiter', '2022-01-15T02:33:31Z', '10', '122');
INSERT INTO `hired_employees` VALUES ('1032', 'Wilt Astbury', '2021-09-26T21:51:10Z', '9', '114');
INSERT INTO `hired_employees` VALUES ('1033', 'Aldwin Athow', '2021-09-27T11:12:00Z', '6', '63');
INSERT INTO `hired_employees` VALUES ('1034', 'Corena Attoc', '2021-05-08T01:43:42Z', '12', '52');
INSERT INTO `hired_employees` VALUES ('1035', 'Malchy Avann', '2022-02-20T10:39:43Z', '11', '37');
INSERT INTO `hired_employees` VALUES ('1036', 'Gasparo Aveling', '2021-11-07T11:41:10Z', '5', '68');
INSERT INTO `hired_employees` VALUES ('1037', 'Nikkie Axtell', '2021-12-30T05:37:33Z', '7', '57');
INSERT INTO `hired_employees` VALUES ('1038', 'Louisa Bachelor', '2021-02-11T14:29:26Z', '4', '33');
INSERT INTO `hired_employees` VALUES ('1039', 'Brook Backen', '2021-09-27T12:50:01Z', '5', '58');
INSERT INTO `hired_employees` VALUES ('1040', 'Cly Baldrick', '2022-01-01T06:33:57Z', '9', '75');
INSERT INTO `hired_employees` VALUES ('1041', 'Jena Balmer', '2021-05-04T19:49:00Z', '4', '71');
INSERT INTO `hired_employees` VALUES ('1042', 'Pail Balnaves', '2021-09-14T03:08:04Z', '11', '123');
INSERT INTO `hired_employees` VALUES ('1043', 'Agneta Baly', '2021-09-29T12:36:18Z', '9', '50');
INSERT INTO `hired_employees` VALUES ('1044', 'Lanae Bangham', '2021-05-14T18:26:59Z', '5', '61');
INSERT INTO `hired_employees` VALUES ('1045', 'Gipsy Banner', '2021-12-17T11:47:44Z', '5', '73');
INSERT INTO `hired_employees` VALUES ('1046', 'Philly Barhims', '2021-03-03T14:48:53Z', '8', '141');
INSERT INTO `hired_employees` VALUES ('1047', 'Jimmie Barkhouse', '2021-02-04T07:50:18Z', '5', '44');
INSERT INTO `hired_employees` VALUES ('1048', 'Lonee Baroc', '2021-06-07T09:12:33Z', '8', '32');
INSERT INTO `hired_employees` VALUES ('1049', '2021-05-08T23:05:13Z', '6', '91', '');
INSERT INTO `hired_employees` VALUES ('1050', 'Marybelle Barribal', '2021-06-17T10:02:48Z', '5', '79');
INSERT INTO `hired_employees` VALUES ('1051', 'Moe Bartel', '2022-02-03T08:06:34Z', '12', '40');
INSERT INTO `hired_employees` VALUES ('1052', 'Trudie Bartens', '2021-10-12T02:10:35Z', '7', '135');
INSERT INTO `hired_employees` VALUES ('1053', 'Rebbecca Barzen', '2021-11-14T21:00:10Z', '2', '69');
INSERT INTO `hired_employees` VALUES ('1054', 'Bevin Baseley', '2021-11-13T08:29:11Z', '8', '5');
INSERT INTO `hired_employees` VALUES ('1055', 'Marielle Baselio', '2022-02-02T00:11:54Z', '10', '94');
INSERT INTO `hired_employees` VALUES ('1056', 'Orelie Bassett', '2022-01-29T13:52:35Z', '6', '65');
INSERT INTO `hired_employees` VALUES ('1057', 'Meggie Bastin', '2022-01-25T18:58:12Z', '3', '124');
INSERT INTO `hired_employees` VALUES ('1058', 'Elia Baton', '2021-08-29T23:24:48Z', '4', '88');
INSERT INTO `hired_employees` VALUES ('1059', 'Sharron Battlestone', '2022-02-01T15:49:52Z', '10', '33');
INSERT INTO `hired_employees` VALUES ('1060', 'Washington Bauld', '2022-01-30T11:38:20Z', '4', '88');
INSERT INTO `hired_employees` VALUES ('1061', 'Artemus Bazeley', '2021-02-26T22:38:18Z', '3', '21');
INSERT INTO `hired_employees` VALUES ('1062', 'Lou Bazely', '2021-10-14T19:06:01Z', '9', '100');
INSERT INTO `hired_employees` VALUES ('1063', 'Tanhya Bearman', '2021-06-15T06:17:11Z', '4', '155');
INSERT INTO `hired_employees` VALUES ('1064', 'Florella Beaulieu', '2022-02-11T06:39:40Z', '5', '81');
INSERT INTO `hired_employees` VALUES ('1065', 'Saundra Beecraft', '2021-12-29T01:42:44Z', '2', '50');
INSERT INTO `hired_employees` VALUES ('1066', 'Redford Behnecken', '2021-04-13T22:51:46Z', '4', '65');
INSERT INTO `hired_employees` VALUES ('1067', 'Thia Bellay', '2021-03-10T19:27:10Z', '2', '65');
INSERT INTO `hired_employees` VALUES ('1068', 'Perceval Bellerby', '2021-03-16T20:21:07Z', '7', '58');
INSERT INTO `hired_employees` VALUES ('1069', 'Sidoney Benam', '2021-03-08T09:28:55Z', '4', '57');
INSERT INTO `hired_employees` VALUES ('1070', 'Ted Benasik', '2021-08-09T20:13:21Z', '8', '39');
INSERT INTO `hired_employees` VALUES ('1071', 'Brandea Benjamin', '2021-12-11T01:47:11Z', '6', '60');
INSERT INTO `hired_employees` VALUES ('1072', 'Judy Bennedick', '2021-10-22T18:48:13Z', '6', '57');
INSERT INTO `hired_employees` VALUES ('1073', 'Matthus Benthall', '2021-04-26T04:21:25Z', '2', '57');
INSERT INTO `hired_employees` VALUES ('1074', 'Wilma Bere', '2021-02-21T08:24:12Z', '10', '86');
INSERT INTO `hired_employees` VALUES ('1075', 'Xylia Bernadot', '2021-10-12T17:24:25Z', '8', '127');
INSERT INTO `hired_employees` VALUES ('1076', 'Carver Bernardin', '2022-01-28T17:32:21Z', '10', '35');
INSERT INTO `hired_employees` VALUES ('1077', 'Fayette Bernardon', '2021-07-29T08:29:27Z', '6', '73');
INSERT INTO `hired_employees` VALUES ('1078', 'Christalle Bertome', '2021-10-04T21:24:21Z', '9', '123');
INSERT INTO `hired_employees` VALUES ('1079', 'Ashley Bertrand', '2021-10-24T01:04:52Z', '5', '29');
INSERT INTO `hired_employees` VALUES ('1080', 'Angelika Beslier', '2022-02-12T23:11:53Z', '10', '69');
INSERT INTO `hired_employees` VALUES ('1081', 'Caril Bethune', '2022-01-22T05:56:43Z', '7', '48');
INSERT INTO `hired_employees` VALUES ('1082', 'Lief Bettles', '2021-05-25T00:35:53Z', '1', '44');
INSERT INTO `hired_employees` VALUES ('1083', 'Barth Bettlestone', '2021-09-22T21:50:08Z', '5', '44');
INSERT INTO `hired_employees` VALUES ('1084', 'Ludvig Bewsey', '2021-02-26T18:47:53Z', '9', '143');
INSERT INTO `hired_employees` VALUES ('1085', 'Dev Beynke', '2021-07-01T15:47:16Z', '4', '87');
INSERT INTO `hired_employees` VALUES ('1086', 'Vinnie Bhar', '2021-10-31T08:53:54Z', '9', '70');
INSERT INTO `hired_employees` VALUES ('1087', 'Cirstoforo Biddell', '2021-10-15T09:19:20Z', '3', '130');
INSERT INTO `hired_employees` VALUES ('1088', 'Rosabelle Bidwell', '2021-03-12T14:32:57Z', '6', '118');
INSERT INTO `hired_employees` VALUES ('1089', 'Rodrique Biesterfeld', '2021-12-01T13:30:50Z', '3', '81');
INSERT INTO `hired_employees` VALUES ('1090', 'Germana Billin', '2021-05-30T17:02:38Z', '8', '24');
INSERT INTO `hired_employees` VALUES ('1091', 'Rolf Billingsly', '2021-04-16T15:32:45Z', '8', '146');
INSERT INTO `hired_employees` VALUES ('1092', 'Floria Bineham', '7', '137', '');
INSERT INTO `hired_employees` VALUES ('1093', 'Belinda Binion', '2021-06-04T09:39:59Z', '6', '72');
INSERT INTO `hired_employees` VALUES ('1094', 'Zachariah Binley', '2021-10-01T16:14:13Z', '9', '16');
INSERT INTO `hired_employees` VALUES ('1095', 'Lowell Blaber', '9', '141', '');
INSERT INTO `hired_employees` VALUES ('1096', 'Creight Blazejewski', '2021-06-29T23:57:57Z', '4', '89');
INSERT INTO `hired_employees` VALUES ('1097', 'Beltran Blees', '2021-11-01T05:12:01Z', '9', '27');
INSERT INTO `hired_employees` VALUES ('1098', 'Colman Bleesing', '2021-10-12T17:55:32Z', '77', '');
INSERT INTO `hired_employees` VALUES ('1099', 'Marlo Blezard', '2021-05-18T00:45:21Z', '4', '76');
INSERT INTO `hired_employees` VALUES ('1100', 'Karita Blindermann', '2021-06-19T03:14:14Z', '5', '62');
INSERT INTO `hired_employees` VALUES ('1101', 'Jenn Blundin', '2021-09-19T04:46:12Z', '8', '73');
INSERT INTO `hired_employees` VALUES ('1102', 'Ogden Bocken', '2021-03-29T19:31:33Z', '3', '44');
INSERT INTO `hired_employees` VALUES ('1103', 'Cathy Bohlens', '2021-07-29T08:55:15Z', '6', '78');
INSERT INTO `hired_employees` VALUES ('1104', 'Wenda Bonnar', '2021-11-21T13:03:25Z', '2', '160');
INSERT INTO `hired_employees` VALUES ('1105', 'Jewelle Boord', '2021-08-13T11:18:32Z', '5', '163');
INSERT INTO `hired_employees` VALUES ('1106', 'Jasper Boosey', '2021-07-13T06:34:38Z', '7', '147');
INSERT INTO `hired_employees` VALUES ('1107', 'Welby Bote', '2021-09-04T16:39:58Z', '7', '55');
INSERT INTO `hired_employees` VALUES ('1108', 'Marlie Bothen', '2021-08-15T15:50:29Z', '9', '87');
INSERT INTO `hired_employees` VALUES ('1109', 'Bethanne Bourke', '2021-03-16T15:21:23Z', '7', '68');
INSERT INTO `hired_employees` VALUES ('1110', 'Renee Bowe', '2021-08-31T20:26:32Z', '112', '');
INSERT INTO `hired_employees` VALUES ('1111', 'Zsazsa Brabyn', '2021-08-01T03:27:48Z', '10', '47');
INSERT INTO `hired_employees` VALUES ('1112', 'Brett Braden', '2021-06-11T05:54:00Z', '8', '96');
INSERT INTO `hired_employees` VALUES ('1113', 'Carlee Bragger', '2021-10-02T19:35:28Z', '8', '61');
INSERT INTO `hired_employees` VALUES ('1114', 'Grady Braim', '2021-04-27T09:27:22Z', '7', '58');
INSERT INTO `hired_employees` VALUES ('1115', 'Wilbert Branchet', '2021-03-31T12:27:59Z', '6', '100');
INSERT INTO `hired_employees` VALUES ('1116', 'Ardys Branford', '2021-11-07T09:12:54Z', '11', '77');
INSERT INTO `hired_employees` VALUES ('1117', 'Putnem Branno', '2021-04-23T19:34:46Z', '5', '85');
INSERT INTO `hired_employees` VALUES ('1118', 'Blondell Bransby', '2021-04-30T04:32:07Z', '6', '106');
INSERT INTO `hired_employees` VALUES ('1119', 'Lucky Brant', '2021-11-24T18:37:55Z', '5', '133');
INSERT INTO `hired_employees` VALUES ('1120', 'Brietta Brayshay', '2021-05-24T04:35:22Z', '7', '55');
INSERT INTO `hired_employees` VALUES ('1121', 'Cristy Brend', '2021-07-30T11:31:36Z', '7', '38');
INSERT INTO `hired_employees` VALUES ('1122', 'Gnni Brettle', '2021-10-09T13:49:28Z', '9', '156');
INSERT INTO `hired_employees` VALUES ('1123', 'Alisha Brettle', '2022-01-30T20:44:35Z', '5', '74');
INSERT INTO `hired_employees` VALUES ('1124', 'Merrill Bridgeman', '2022-01-30T03:02:22Z', '7', '52');
INSERT INTO `hired_employees` VALUES ('1125', 'Gerri Bridie', '2021-02-05T01:06:53Z', '5', '149');
INSERT INTO `hired_employees` VALUES ('1126', 'Olly Briffett', '2021-09-01T18:16:34Z', '7', '124');
INSERT INTO `hired_employees` VALUES ('1127', 'Corinne Brignall', '2021-12-31T09:40:30Z', '3', '73');
INSERT INTO `hired_employees` VALUES ('1128', 'Reuven Brisson', '2022-02-09T19:08:59Z', '7', '87');
INSERT INTO `hired_employees` VALUES ('1129', 'Stephana Britton', '2021-02-15T00:32:18Z', '3', '65');
INSERT INTO `hired_employees` VALUES ('1130', '2021-10-19T08:43:38Z', '1', '128', '');
INSERT INTO `hired_employees` VALUES ('1131', 'Angie Brommage', '2021-10-23T18:14:59Z', '6', '35');
INSERT INTO `hired_employees` VALUES ('1132', 'Gypsy Brookbank', '2021-06-13T17:21:57Z', '9', '49');
INSERT INTO `hired_employees` VALUES ('1133', 'Jennine Brownbill', '2022-01-24T14:45:57Z', '10', '86');
INSERT INTO `hired_employees` VALUES ('1134', 'Lacee Brumble', '2021-05-17T12:56:53Z', '8', '57');
INSERT INTO `hired_employees` VALUES ('1135', 'Foster Brunt', '2022-01-31T02:27:30Z', '10', '76');
INSERT INTO `hired_employees` VALUES ('1136', 'Meryl Buard', '2021-04-20T12:03:35Z', '7', '56');
INSERT INTO `hired_employees` VALUES ('1137', 'Ichabod Buck', '2021-09-07T09:32:33Z', '9', '90');
INSERT INTO `hired_employees` VALUES ('1138', 'Conrad Bukowski', '2022-01-23T01:07:44Z', '4', '113');
INSERT INTO `hired_employees` VALUES ('1139', 'Celina Bundock', '2021-03-23T09:04:56Z', '7', '45');
INSERT INTO `hired_employees` VALUES ('1140', 'Putnam Bunton', '2021-02-01T12:28:13Z', '3', '77');
INSERT INTO `hired_employees` VALUES ('1141', 'Marylin Burgot', '2021-04-24T15:32:05Z', '10', '116');
INSERT INTO `hired_employees` VALUES ('1142', 'Reginald Burless', '2021-03-19T23:47:07Z', '10', '105');
INSERT INTO `hired_employees` VALUES ('1143', 'Elston Burnyate', '2021-04-28T17:36:53Z', '4', '113');
INSERT INTO `hired_employees` VALUES ('1144', 'Angel Burrell', '2022-01-29T22:53:00Z', '5', '113');
INSERT INTO `hired_employees` VALUES ('1145', 'Gretel Buse', '2021-11-22T11:13:05Z', '6', '142');
INSERT INTO `hired_employees` VALUES ('1146', 'Deirdre Butt', '2021-08-25T02:07:11Z', '4', '47');
INSERT INTO `hired_employees` VALUES ('1147', 'Gaston Buyers', '2021-09-29T15:22:40Z', '8', '114');
INSERT INTO `hired_employees` VALUES ('1148', 'Rourke Bycraft', '2021-12-25T03:09:37Z', '11', '97');
INSERT INTO `hired_employees` VALUES ('1149', 'Katlin Cabrera', '2021-10-28T19:12:05Z', '6', '83');
INSERT INTO `hired_employees` VALUES ('1150', 'Valentia Callf', '2021-11-13T13:30:30Z', '5', '79');
INSERT INTO `hired_employees` VALUES ('1151', 'Jarrett Camelli', '2021-02-11T21:25:17Z', '3', '89');
INSERT INTO `hired_employees` VALUES ('1152', 'Kori Carcas', '2021-04-10T14:02:38Z', '7', '67');
INSERT INTO `hired_employees` VALUES ('1153', 'Truman Carde', '2021-09-08T13:11:26Z', '9', '60');
INSERT INTO `hired_employees` VALUES ('1154', 'Lurette Caris', '2021-09-16T19:02:39Z', '2', '77');
INSERT INTO `hired_employees` VALUES ('1155', 'Jewel Cariss', '2021-09-18T14:37:49Z', '8', '22');
INSERT INTO `hired_employees` VALUES ('1156', 'Mikel Cariss', '2021-05-08T14:39:59Z', '1', '98');
INSERT INTO `hired_employees` VALUES ('1157', 'Kellia Carmo', '2021-11-08T20:44:30Z', '6', '136');
INSERT INTO `hired_employees` VALUES ('1158', 'Rube Carnie', '2021-07-25T12:54:20Z', '7', '52');
INSERT INTO `hired_employees` VALUES ('1159', 'Gayleen Carnihan', '2021-11-18T11:53:15Z', '3', '58');
INSERT INTO `hired_employees` VALUES ('1160', 'Sher Casale', '2022-01-02T10:43:20Z', '10', '106');
INSERT INTO `hired_employees` VALUES ('1161', 'Nobe Casper', '2021-09-16T06:31:59Z', '5', '83');
INSERT INTO `hired_employees` VALUES ('1162', 'Raff Castleman', '2021-04-22T14:31:39Z', '8', '72');
INSERT INTO `hired_employees` VALUES ('1163', 'Nerta Castro', '2021-06-23T22:38:42Z', '6', '1');
INSERT INTO `hired_employees` VALUES ('1164', 'Geraldine Catlette', '2022-02-14T06:05:35Z', '3', '75');
INSERT INTO `hired_employees` VALUES ('1165', 'Charleen Catterill', '2021-11-10T00:57:25Z', '11', '61');
INSERT INTO `hired_employees` VALUES ('1166', 'Hollis Caulwell', '2021-08-17T13:58:25Z', '5', '39');
INSERT INTO `hired_employees` VALUES ('1167', 'Alexis Cawthery', '2021-03-18T00:15:36Z', '3', '25');
INSERT INTO `hired_employees` VALUES ('1168', 'Toinette Cescon', '2021-04-17T07:54:48Z', '7', '70');
INSERT INTO `hired_employees` VALUES ('1169', 'Dannye Chaimson', '2021-06-23T21:25:21Z', '4', '90');
INSERT INTO `hired_employees` VALUES ('1170', '2021-03-15T10:47:48Z', '7', '130', '');
INSERT INTO `hired_employees` VALUES ('1171', 'Charis Chanders', '2021-06-23T20:53:31Z', '12', '83');
INSERT INTO `hired_employees` VALUES ('1172', 'Roselle Chatto', '2021-03-19T02:20:30Z', '9', '81');
INSERT INTO `hired_employees` VALUES ('1173', 'Myra Checcucci', '2021-02-16T15:44:56Z', '9', '71');
INSERT INTO `hired_employees` VALUES ('1174', 'Anetta Chesson', '2021-10-23T09:14:19Z', '10', '24');
INSERT INTO `hired_employees` VALUES ('1175', 'Billy Chifney', '2021-02-13T21:13:22Z', '8', '20');
INSERT INTO `hired_employees` VALUES ('1176', 'Barbie Chittenden', '2021-12-26T12:44:34Z', '5', '100');
INSERT INTO `hired_employees` VALUES ('1177', 'Ardella Cholwell', '2021-08-25T11:50:02Z', '7', '26');
INSERT INTO `hired_employees` VALUES ('1178', 'Petronilla Chowne', '2021-07-17T13:36:02Z', '12', '107');
INSERT INTO `hired_employees` VALUES ('1179', 'Wolfy Churching', '2021-02-11T23:08:12Z', '10', '89');
INSERT INTO `hired_employees` VALUES ('1180', 'Siobhan Ciobutaru', '2021-03-26T19:07:15Z', '7', '55');
INSERT INTO `hired_employees` VALUES ('1181', 'Joeann Civitillo', '2022-02-16T01:58:18Z', '6', '182');
INSERT INTO `hired_employees` VALUES ('1182', 'Renell Clapperton', '2021-11-21T12:05:45Z', '4', '48');
INSERT INTO `hired_employees` VALUES ('1183', 'Peyton Clash', '2021-05-16T20:39:06Z', '4', '59');
INSERT INTO `hired_employees` VALUES ('1184', 'Alanson Cleve', '2021-12-11T21:21:26Z', '7', '153');
INSERT INTO `hired_employees` VALUES ('1185', 'Ryley Clewett', '2022-02-04T13:21:15Z', '2', '116');
INSERT INTO `hired_employees` VALUES ('1186', 'Claudelle Cloy', '2021-03-10T19:24:19Z', '2', '74');
INSERT INTO `hired_employees` VALUES ('1187', 'Janna Cluely', '2021-05-09T23:57:00Z', '6', '168');
INSERT INTO `hired_employees` VALUES ('1188', 'Regen Cluer', '2021-05-03T12:35:40Z', '3', '157');
INSERT INTO `hired_employees` VALUES ('1189', 'Donny Clyburn', '2021-07-28T02:43:27Z', '4', '51');
INSERT INTO `hired_employees` VALUES ('1190', 'Amalia Cockell', '2021-03-05T01:38:06Z', '3', '81');
INSERT INTO `hired_employees` VALUES ('1191', 'Caldwell Cocks', '2021-08-16T12:41:01Z', '4', '70');
INSERT INTO `hired_employees` VALUES ('1192', 'Olia Codlin', '2021-07-14T22:42:33Z', '7', '57');
INSERT INTO `hired_employees` VALUES ('1193', 'Sarita Cogswell', '2021-07-31T14:14:42Z', '5', '58');
INSERT INTO `hired_employees` VALUES ('1194', 'Lonny Collip', '2021-04-19T15:31:46Z', '4', '113');
INSERT INTO `hired_employees` VALUES ('1195', '2021-08-13T09:22:18Z', '10', '54', '');
INSERT INTO `hired_employees` VALUES ('1196', 'Harriot Collumbine', '2021-03-28T14:14:16Z', '6', '119');
INSERT INTO `hired_employees` VALUES ('1197', 'Mellie Comber', '2021-11-04T19:52:29Z', '6', '124');
INSERT INTO `hired_employees` VALUES ('1198', 'Carline Comberbach', '2021-05-29T00:23:02Z', '4', '60');
INSERT INTO `hired_employees` VALUES ('1199', 'Fields Conman', '2021-04-16T09:51:56Z', '6', '5');
INSERT INTO `hired_employees` VALUES ('1200', 'Erick Conry', '2021-06-21T04:58:15Z', '3', '136');
INSERT INTO `hired_employees` VALUES ('1201', 'Brien Constantine', '2022-01-08T16:31:01Z', '1', '115');
INSERT INTO `hired_employees` VALUES ('1202', 'Irving Coogan', '2021-09-14T13:36:33Z', '8', '65');
INSERT INTO `hired_employees` VALUES ('1203', 'Kienan Corington', '2021-10-23T20:14:55Z', '4', '77');
INSERT INTO `hired_employees` VALUES ('1204', 'Dana Costanza', '2021-06-05T12:30:23Z', '5', '61');
INSERT INTO `hired_employees` VALUES ('1205', 'Phillis Cottingham', '2022-01-09T07:06:46Z', '12', '100');
INSERT INTO `hired_employees` VALUES ('1206', 'Osbourne Coughan', '2021-10-28T21:39:48Z', '10', '60');
INSERT INTO `hired_employees` VALUES ('1207', 'Ahmad Coule', '2021-05-03T04:57:25Z', '8', '88');
INSERT INTO `hired_employees` VALUES ('1208', 'Rasia Coulston', '2022-01-13T03:39:23Z', '3', '62');
INSERT INTO `hired_employees` VALUES ('1209', 'Tova Coulthard', '2021-08-18T00:22:54Z', '5', '78');
INSERT INTO `hired_employees` VALUES ('1210', 'Babita Cowderay', '2021-04-23T23:35:06Z', '9', '19');
INSERT INTO `hired_employees` VALUES ('1211', 'Berny Cowland', '2021-08-14T23:50:27Z', '3', '115');
INSERT INTO `hired_employees` VALUES ('1212', 'Alan Cramphorn', '2021-03-22T23:08:28Z', '4', '109');
INSERT INTO `hired_employees` VALUES ('1213', 'Brody Cranna', '2021-09-21T22:27:13Z', '3', '48');
INSERT INTO `hired_employees` VALUES ('1214', 'Hermann Creane', '2021-06-06T15:24:32Z', '5', '32');
INSERT INTO `hired_employees` VALUES ('1215', 'Ewart Cremen', '2021-07-06T08:31:04Z', '5', '71');
INSERT INTO `hired_employees` VALUES ('1216', 'Theobald Cresser', '2022-01-26T14:56:48Z', '3', '116');
INSERT INTO `hired_employees` VALUES ('1217', 'Marleen Cristofolini', '2021-07-17T02:47:30Z', '7', '142');
INSERT INTO `hired_employees` VALUES ('1218', 'Stephie Crocumbe', '2021-11-12T03:24:03Z', '6', '42');
INSERT INTO `hired_employees` VALUES ('1219', 'Malorie Crowthe', '2021-09-05T10:03:56Z', '4', '36');
INSERT INTO `hired_employees` VALUES ('1220', 'Aile Crumly', '2021-09-26T01:50:27Z', '5', '73');
INSERT INTO `hired_employees` VALUES ('1221', 'Valentia Cudiff', '2021-11-04T05:01:46Z', '6', '50');
INSERT INTO `hired_employees` VALUES ('1222', 'Blakelee Cullingworth', '2021-05-21T10:52:28Z', '2', '40');
INSERT INTO `hired_employees` VALUES ('1223', 'Malvina Cullnean', '2021-03-03T05:07:46Z', '6', '48');
INSERT INTO `hired_employees` VALUES ('1224', 'Hirsch Culpin', '2021-02-13T08:05:59Z', '8', '28');
INSERT INTO `hired_employees` VALUES ('1225', 'Barnabas Cumberbatch', '2021-05-28T22:29:20Z', '9', '96');
INSERT INTO `hired_employees` VALUES ('1226', 'Hedy Cuningham', '2021-07-19T07:29:36Z', '5', '43');
INSERT INTO `hired_employees` VALUES ('1227', 'Jeramey Cunnow', '2021-04-03T20:14:34Z', '8', '67');
INSERT INTO `hired_employees` VALUES ('1228', 'Jobi Curner', '2021-04-07T07:19:06Z', '4', '38');
INSERT INTO `hired_employees` VALUES ('1229', 'Luke Cutill', '2021-09-07T18:22:38Z', '7', '132');
INSERT INTO `hired_employees` VALUES ('1230', 'Arley Cutmare', '2022-02-10T20:46:33Z', '8', '45');
INSERT INTO `hired_employees` VALUES ('1231', 'Daisie Cutteridge', '2021-10-24T07:07:44Z', '9', '126');
INSERT INTO `hired_employees` VALUES ('1232', 'Zach Cuttin', '2021-07-26T16:45:07Z', '12', '81');
INSERT INTO `hired_employees` VALUES ('1233', 'Tony DAmbrosio', '2021-02-15T19:56:57Z', '12', '89');
INSERT INTO `hired_employees` VALUES ('1234', 'Allys DEnrico', '2021-03-18T21:54:34Z', '2', '147');
INSERT INTO `hired_employees` VALUES ('1235', 'Renae Daber', '2021-02-13T18:41:07Z', '3', '143');
INSERT INTO `hired_employees` VALUES ('1236', 'Bald Dake', '2021-08-04T06:14:18Z', '10', '94');
INSERT INTO `hired_employees` VALUES ('1237', 'Lynda Dallin', '2021-10-19T11:39:00Z', '6', '76');
INSERT INTO `hired_employees` VALUES ('1238', 'Odilia Danat', '2022-01-28T13:42:03Z', '1', '69');
INSERT INTO `hired_employees` VALUES ('1239', 'Lucretia Daniels', '2021-02-06T11:44:17Z', '2', '71');
INSERT INTO `hired_employees` VALUES ('1240', 'Shandy Danjoie', '2021-08-03T02:54:07Z', '1', '38');
INSERT INTO `hired_employees` VALUES ('1241', 'Benedetto Darwood', '2021-09-30T01:01:01Z', '9', '55');
INSERT INTO `hired_employees` VALUES ('1242', 'Francesca Davidman', '2021-03-17T06:37:56Z', '4', '30');
INSERT INTO `hired_employees` VALUES ('1243', 'Juliet Daymont', '2021-05-19T07:44:26Z', '7', '69');
INSERT INTO `hired_employees` VALUES ('1244', 'Elspeth De Clairmont', '2021-11-19T16:41:34Z', '7', '86');
INSERT INTO `hired_employees` VALUES ('1245', 'Lemuel De Gregoli', '2022-01-07T16:23:36Z', '8', '21');
INSERT INTO `hired_employees` VALUES ('1246', 'Neddy De la Yglesia', '2021-06-29T18:44:50Z', '7', '50');
INSERT INTO `hired_employees` VALUES ('1247', 'Lyle De Lascy', '2021-09-25T23:27:53Z', '4', '43');
INSERT INTO `hired_employees` VALUES ('1248', 'Hanni De Michele', '2021-04-08T19:47:24Z', '4', '68');
INSERT INTO `hired_employees` VALUES ('1249', 'Katherina De Morena', '2021-11-13T10:19:05Z', '7', '30');
INSERT INTO `hired_employees` VALUES ('1250', 'Ruben Dehn', '2021-05-07T15:58:27Z', '9', '91');
INSERT INTO `hired_employees` VALUES ('1251', 'Livia Delacour', '2021-09-30T10:58:09Z', '5', '70');
INSERT INTO `hired_employees` VALUES ('1252', 'Merrily Di Biaggi', '7', '19', '');
INSERT INTO `hired_employees` VALUES ('1253', 'Ignacio Di Francesco', '2021-12-23T22:56:15Z', '5', '72');
INSERT INTO `hired_employees` VALUES ('1254', 'Auberta Dicken', '2021-11-10T02:40:56Z', '3', '79');
INSERT INTO `hired_employees` VALUES ('1255', 'Doro Dickey', '2021-04-20T08:43:40Z', '10', '61');
INSERT INTO `hired_employees` VALUES ('1256', 'Jobyna Diem', '2021-06-17T17:53:43Z', '8', '123');
INSERT INTO `hired_employees` VALUES ('1257', 'Bernie Dilrew', '2021-06-26T06:36:44Z', '8', '33');
INSERT INTO `hired_employees` VALUES ('1258', 'Christabella Dimitriev', '2021-12-27T03:41:35Z', '4', '139');
INSERT INTO `hired_employees` VALUES ('1259', 'Lamont Dimmer', '2021-07-20T01:47:11Z', '2', '78');
INSERT INTO `hired_employees` VALUES ('1260', 'Gweneth Dionsetti', '2022-01-27T23:22:52Z', '10', '52');
INSERT INTO `hired_employees` VALUES ('1261', 'Barny Dionsetto', '2021-07-22T21:10:35Z', '11', '32');
INSERT INTO `hired_employees` VALUES ('1262', 'Anthe Divina', '2022-01-03T15:24:31Z', '2', '151');
INSERT INTO `hired_employees` VALUES ('1263', 'Eldredge Dockerty', '2021-06-25T00:23:17Z', '8', '54');
INSERT INTO `hired_employees` VALUES ('1264', 'Gui Dodd', '2021-06-06T09:21:20Z', '4', '102');
INSERT INTO `hired_employees` VALUES ('1265', 'Verile Doghartie', '2021-10-11T10:53:38Z', '4', '145');
INSERT INTO `hired_employees` VALUES ('1266', 'Michale Domleo', '2021-12-12T09:09:25Z', '10', '44');
INSERT INTO `hired_employees` VALUES ('1267', 'Curran Donneely', '2021-02-23T08:39:44Z', '2', '76');
INSERT INTO `hired_employees` VALUES ('1268', 'Arin Donson', '2021-11-03T22:53:42Z', '8', '54');
INSERT INTO `hired_employees` VALUES ('1269', 'Garvey Doohan', '2021-09-27T16:01:02Z', '5', '159');
INSERT INTO `hired_employees` VALUES ('1270', 'Shellie Dootson', '2021-12-01T03:30:27Z', '11', '35');
INSERT INTO `hired_employees` VALUES ('1271', 'Jasmin Dorie', '2021-11-16T06:25:45Z', '8', '41');
INSERT INTO `hired_employees` VALUES ('1272', 'Ashly Dotterill', '2021-09-09T17:05:03Z', '5', '100');
INSERT INTO `hired_employees` VALUES ('1273', 'Lorry Dowdell', '2021-02-05T02:01:57Z', '8', '53');
INSERT INTO `hired_employees` VALUES ('1274', 'Lenee Dowtry', '2021-08-13T13:17:25Z', '6', '91');
INSERT INTO `hired_employees` VALUES ('1275', 'Trevor Dracey', '2021-07-12T04:33:16Z', '7', '60');
INSERT INTO `hired_employees` VALUES ('1276', 'Amandi Drakers', '2022-02-09T22:55:47Z', '2', '102');
INSERT INTO `hired_employees` VALUES ('1277', 'Abagael Draude', '2021-08-17T02:23:18Z', '8', '42');
INSERT INTO `hired_employees` VALUES ('1278', 'Ddene Drugan', '2021-08-16T02:41:54Z', '2', '65');
INSERT INTO `hired_employees` VALUES ('1279', 'Phaidra Dubbin', '2021-10-25T12:19:32Z', '38', '');
INSERT INTO `hired_employees` VALUES ('1280', 'Zoe Ducker', '2022-01-21T16:05:53Z', '4', '42');
INSERT INTO `hired_employees` VALUES ('1281', 'Ellerey Dudenie', '2021-05-27T20:40:59Z', '7', '135');
INSERT INTO `hired_employees` VALUES ('1282', 'Maudie Dudhill', '2021-04-09T20:31:22Z', '3', '84');
INSERT INTO `hired_employees` VALUES ('1283', 'Betti Duggan', '2021-09-28T17:47:54Z', '3', '85');
INSERT INTO `hired_employees` VALUES ('1284', 'Sile Duigan', '2021-10-25T03:10:45Z', '10', '57');
INSERT INTO `hired_employees` VALUES ('1285', 'Ardeen Dulwitch', '2021-05-13T10:34:48Z', '4', '49');
INSERT INTO `hired_employees` VALUES ('1286', 'Frances Dulwitch', '2022-01-31T11:35:28Z', '7', '105');
INSERT INTO `hired_employees` VALUES ('1287', 'Dniren Dundin', '2022-01-22T22:03:49Z', '7', '99');
INSERT INTO `hired_employees` VALUES ('1288', 'Katerine Dungay', '2022-02-09T05:26:37Z', '5', '159');
INSERT INTO `hired_employees` VALUES ('1289', 'Hetti Dungay', '2021-06-20T01:05:56Z', '7', '78');
INSERT INTO `hired_employees` VALUES ('1290', 'Cassandre Dunne', '2021-10-15T10:36:55Z', '11', '89');
INSERT INTO `hired_employees` VALUES ('1291', 'Chuck Dunniom', '2021-06-07T04:46:33Z', '3', '31');
INSERT INTO `hired_employees` VALUES ('1292', 'Brice Duplain', '2021-04-08T01:49:32Z', '9', '71');
INSERT INTO `hired_employees` VALUES ('1293', 'Arvie Dyhouse', '2021-06-08T21:59:00Z', '7', '49');
INSERT INTO `hired_employees` VALUES ('1294', 'Claretta Dymond', '2021-11-01T22:58:21Z', '11', '79');
INSERT INTO `hired_employees` VALUES ('1295', 'Marylou Dytham', '2021-11-21T03:14:06Z', '5', '72');
INSERT INTO `hired_employees` VALUES ('1296', 'Alfred Eadmeades', '2021-05-11T10:12:02Z', '7', '20');
INSERT INTO `hired_employees` VALUES ('1297', 'Jarvis Ealden', '2021-10-03T22:12:05Z', '6', '91');
INSERT INTO `hired_employees` VALUES ('1298', 'Chrysler Eardley', '2021-11-02T11:26:37Z', '3', '103');
INSERT INTO `hired_employees` VALUES ('1299', 'Jerrilee Eastop', '2022-01-06T11:26:31Z', '9', '65');
INSERT INTO `hired_employees` VALUES ('1300', 'Saidee Eate', '2021-05-25T18:08:38Z', '7', '47');
INSERT INTO `hired_employees` VALUES ('1301', 'Anders Edmeades', '2021-10-20T07:04:25Z', '4', '38');
INSERT INTO `hired_employees` VALUES ('1302', 'Arlene Edmonston', '2021-10-15T20:42:15Z', '8', '41');
INSERT INTO `hired_employees` VALUES ('1303', 'Hillary Egan', '2021-09-18T03:12:35Z', '10', '120');
INSERT INTO `hired_employees` VALUES ('1304', 'Tildie Elby', '2021-09-29T14:02:27Z', '8', NULL);
INSERT INTO `hired_employees` VALUES ('1305', 'Waneta Elfitt', '2021-10-17T00:35:10Z', '9', '104');
INSERT INTO `hired_employees` VALUES ('1306', 'Norby Elington', '2021-04-11T21:16:34Z', '8', '58');
INSERT INTO `hired_employees` VALUES ('1307', 'Danell Ellam', '2021-02-10T17:49:24Z', '7', '103');
INSERT INTO `hired_employees` VALUES ('1308', 'Rodrigo Elphinstone', '2021-06-09T03:07:49Z', '4', '72');
INSERT INTO `hired_employees` VALUES ('1309', 'Aleen Emps', '2021-03-18T13:39:20Z', '2', '67');
INSERT INTO `hired_employees` VALUES ('1310', 'Revkah Erdis', '2022-01-14T02:57:43Z', '9', '169');
INSERT INTO `hired_employees` VALUES ('1311', 'Ursulina Erie', '2021-12-10T03:22:45Z', '4', '35');
INSERT INTO `hired_employees` VALUES ('1312', 'Valma Erwin', '2021-03-13T03:20:40Z', '8', '128');
INSERT INTO `hired_employees` VALUES ('1313', 'Roberta Etches', '2021-12-17T19:55:17Z', '4', '89');
INSERT INTO `hired_employees` VALUES ('1314', 'Luciano Etherson', '2021-08-17T07:04:16Z', '10', '25');
INSERT INTO `hired_employees` VALUES ('1315', 'Beverie Ettels', '2022-02-12T00:42:13Z', '7', '62');
INSERT INTO `hired_employees` VALUES ('1316', 'Tades Facey', '2021-11-27T22:47:12Z', '3', '81');
INSERT INTO `hired_employees` VALUES ('1317', 'Cammy Fader', '2021-03-03T01:53:49Z', '5', '136');
INSERT INTO `hired_employees` VALUES ('1318', 'Mimi Fake', '2021-03-12T15:25:05Z', '11', '58');
INSERT INTO `hired_employees` VALUES ('1319', 'Wilt Fakeley', '2021-03-02T10:23:45Z', '8', '40');
INSERT INTO `hired_employees` VALUES ('1320', 'Artemas Farbrace', '2021-08-29T21:05:17Z', '4', '130');
INSERT INTO `hired_employees` VALUES ('1321', 'Darleen Farndell', '2021-03-10T23:33:27Z', '5', '84');
INSERT INTO `hired_employees` VALUES ('1322', '2021-03-26T23:44:34Z', '5', '47', '');
INSERT INTO `hired_employees` VALUES ('1323', 'Erv Fazan', '8', '34', '');
INSERT INTO `hired_employees` VALUES ('1324', 'Janna Fearnehough', '2021-08-18T18:53:09Z', '1', '37');
INSERT INTO `hired_employees` VALUES ('1325', 'Abe Featherby', '2021-03-16T08:32:34Z', '9', '82');
INSERT INTO `hired_employees` VALUES ('1326', 'Carlota Feavers', '2021-06-25T09:36:48Z', '9', '81');
INSERT INTO `hired_employees` VALUES ('1327', 'Kevina Feechum', '2022-01-26T21:24:00Z', '6', '23');
INSERT INTO `hired_employees` VALUES ('1328', 'Grace Felderer', '2021-05-02T04:55:20Z', '4', '64');
INSERT INTO `hired_employees` VALUES ('1329', 'Gale Fendt', '2021-09-21T23:24:14Z', '3', '19');
INSERT INTO `hired_employees` VALUES ('1330', 'Timotheus Ferdinand', '2022-02-16T16:04:14Z', '2', '52');
INSERT INTO `hired_employees` VALUES ('1331', 'Darleen Fereday', '2021-03-01T17:01:05Z', '9', '27');
INSERT INTO `hired_employees` VALUES ('1332', 'Nancey Ferrettini', '2021-11-24T16:57:25Z', '3', '69');
INSERT INTO `hired_employees` VALUES ('1333', 'Margot Ferroli', '2022-02-07T20:42:17Z', '3', '98');
INSERT INTO `hired_employees` VALUES ('1334', 'Tina Fetherstone', '2021-09-03T01:13:49Z', '4', '111');
INSERT INTO `hired_employees` VALUES ('1335', 'Arline Fiddler', '2021-08-18T09:04:01Z', '9', '22');
INSERT INTO `hired_employees` VALUES ('1336', 'Morissa Fifoot', '2021-04-14T04:04:56Z', '6', '94');
INSERT INTO `hired_employees` VALUES ('1337', 'Rosemarie Fleay', '2021-11-07T08:25:36Z', '6', '25');
INSERT INTO `hired_employees` VALUES ('1338', 'Ravid Flemmich', '2021-10-18T05:23:29Z', '9', '101');
INSERT INTO `hired_employees` VALUES ('1339', 'Penelopa Flewett', '2021-10-25T07:38:11Z', '8', '122');
INSERT INTO `hired_employees` VALUES ('1340', 'Thom Flips', '2022-01-13T21:09:49Z', '5', '39');
INSERT INTO `hired_employees` VALUES ('1341', 'Bordy Flynn', '2021-05-27T03:29:36Z', '5', '42');
INSERT INTO `hired_employees` VALUES ('1342', 'Nathanil Foker', '2022-02-11T16:30:12Z', '7', '66');
INSERT INTO `hired_employees` VALUES ('1343', 'Celestina Folca', '2022-01-28T10:57:28Z', '4', '118');
INSERT INTO `hired_employees` VALUES ('1344', 'Christen Folkerts', '2021-10-11T13:02:28Z', '8', '86');
INSERT INTO `hired_employees` VALUES ('1345', 'Corenda Folomin', '2021-03-06T14:32:27Z', '7', '111');
INSERT INTO `hired_employees` VALUES ('1346', 'Iris Ford', '2021-06-19T14:35:51Z', '3', '54');
INSERT INTO `hired_employees` VALUES ('1347', 'Sumner Forgie', '2022-01-22T09:29:43Z', '8', '49');
INSERT INTO `hired_employees` VALUES ('1348', 'Benny Forsey', '2021-04-05T09:33:59Z', '3', '60');
INSERT INTO `hired_employees` VALUES ('1349', 'Winona Forst', '2021-04-28T23:14:25Z', '5', '32');
INSERT INTO `hired_employees` VALUES ('1350', 'Gilda Fowlestone', '2021-07-13T23:34:40Z', '10', '9');
INSERT INTO `hired_employees` VALUES ('1351', 'Weston Foxton', '2021-10-29T06:10:25Z', '3', '60');
INSERT INTO `hired_employees` VALUES ('1352', 'Eunice Francillo', '2022-01-14T13:27:30Z', '8', '26');
INSERT INTO `hired_employees` VALUES ('1353', 'Raul Franke', '2021-10-05T11:28:11Z', '4', '40');
INSERT INTO `hired_employees` VALUES ('1354', 'Cobby Frankiss', '2021-10-03T06:03:40Z', '6', '26');
INSERT INTO `hired_employees` VALUES ('1355', 'Carina Franzini', '2021-08-02T02:46:45Z', '5', '80');
INSERT INTO `hired_employees` VALUES ('1356', 'Johnnie Frary', '2021-07-06T19:13:15Z', '4', '59');
INSERT INTO `hired_employees` VALUES ('1357', 'Jocelyne Frary', '2021-10-14T06:00:13Z', '5', '57');
INSERT INTO `hired_employees` VALUES ('1358', 'Kaycee Frazier', '2021-05-20T08:08:48Z', '7', '58');
INSERT INTO `hired_employees` VALUES ('1359', 'Justine Freeborn', '2021-04-01T15:30:36Z', '2', '112');
INSERT INTO `hired_employees` VALUES ('1360', 'Killy Friary', '2021-04-26T17:23:42Z', '4', '63');
INSERT INTO `hired_employees` VALUES ('1361', 'Ike Friman', '2021-06-08T15:10:58Z', '3', '61');
INSERT INTO `hired_employees` VALUES ('1362', 'Melodee Froude', '2021-09-28T18:37:19Z', '7', '134');
INSERT INTO `hired_employees` VALUES ('1363', 'Cassi Frudd', '2021-10-28T21:33:54Z', '2', '58');
INSERT INTO `hired_employees` VALUES ('1364', 'Ora Fryman', '2021-07-07T13:26:49Z', '1', '17');
INSERT INTO `hired_employees` VALUES ('1365', 'Fredelia Fucher', '2021-10-22T13:11:20Z', '8', '72');
INSERT INTO `hired_employees` VALUES ('1366', 'Renee Fuggle', '2021-12-30T01:29:43Z', '6', '144');
INSERT INTO `hired_employees` VALUES ('1367', 'Ellary Fulmen', '2021-09-04T02:00:37Z', '6', '114');
INSERT INTO `hired_employees` VALUES ('1368', 'Rustie Fumagallo', '2021-08-03T22:04:17Z', '10', '54');
INSERT INTO `hired_employees` VALUES ('1369', 'Jennifer Furlow', '2021-09-08T17:25:22Z', '9', '168');
INSERT INTO `hired_employees` VALUES ('1370', 'Luciana Gages', '2022-01-17T10:52:25Z', '4', '61');
INSERT INTO `hired_employees` VALUES ('1371', 'King Gallelli', '2022-01-20T02:23:10Z', '6', '48');
INSERT INTO `hired_employees` VALUES ('1372', 'Gabriele Galpen', '2022-01-02T14:58:58Z', '4', '139');
INSERT INTO `hired_employees` VALUES ('1373', 'Leisha Gamlen', '2021-10-15T07:27:54Z', '10', '70');
INSERT INTO `hired_employees` VALUES ('1374', 'Far Gannicott', '2021-08-28T05:42:26Z', '4', '102');
INSERT INTO `hired_employees` VALUES ('1375', 'Tracey Gare', '2021-07-23T20:51:44Z', '7', '155');
INSERT INTO `hired_employees` VALUES ('1376', 'Gwenore Garm', '2021-05-05T21:46:04Z', '7', '66');
INSERT INTO `hired_employees` VALUES ('1377', 'Guendolen Garoghan', '2021-05-11T10:27:43Z', '6', '58');
INSERT INTO `hired_employees` VALUES ('1378', 'Toni Garriock', '2021-04-29T13:28:25Z', '5', '29');
INSERT INTO `hired_employees` VALUES ('1379', 'Ruth Gatch', '2021-11-16T08:24:18Z', '6', '26');
INSERT INTO `hired_employees` VALUES ('1380', 'Grantley Gauvin', '2021-11-12T10:44:41Z', '4', '107');
INSERT INTO `hired_employees` VALUES ('1381', 'Stormi Gawthrop', '2021-03-30T18:21:20Z', '7', '112');
INSERT INTO `hired_employees` VALUES ('1382', 'Bowie Geaveny', '2021-10-09T07:33:53Z', '8', '61');
INSERT INTO `hired_employees` VALUES ('1383', 'Emmott Geraldez', '2021-03-05T20:54:52Z', '9', '59');
INSERT INTO `hired_employees` VALUES ('1384', 'Milicent Giacobo', '2021-12-05T16:16:42Z', '6', '122');
INSERT INTO `hired_employees` VALUES ('1385', 'Francine Gilbane', '2021-02-13T04:55:49Z', '8', '39');
INSERT INTO `hired_employees` VALUES ('1386', 'Hattie Gilder', '2021-10-11T09:49:28Z', '3', '55');
INSERT INTO `hired_employees` VALUES ('1387', 'Dex Gilham', '2021-03-15T16:40:34Z', '9', '47');
INSERT INTO `hired_employees` VALUES ('1388', 'Bo Gillmore', '2021-05-05T12:25:44Z', '8', '79');
INSERT INTO `hired_employees` VALUES ('1389', 'Emmalynne Ginley', '2021-11-07T10:31:09Z', '8', '105');
INSERT INTO `hired_employees` VALUES ('1390', 'Harp Giovanitti', '2021-04-20T06:26:16Z', '3', '76');
INSERT INTO `hired_employees` VALUES ('1391', 'Rania Giovanizio', '2021-11-29T22:31:08Z', '6', '57');
INSERT INTO `hired_employees` VALUES ('1392', 'Cris Gladdis', '2021-04-08T11:54:11Z', '1', '55');
INSERT INTO `hired_employees` VALUES ('1393', 'Bogey Gladtbach', '2022-01-05T17:29:34Z', '4', '44');
INSERT INTO `hired_employees` VALUES ('1394', 'Latrena Glasscock', '2021-07-03T23:56:41Z', '8', '62');
INSERT INTO `hired_employees` VALUES ('1395', 'Saidee Glew', '2021-07-15T10:51:30Z', '4', '70');
INSERT INTO `hired_employees` VALUES ('1396', 'Melisandra Gligoraci', '2021-09-28T09:56:07Z', '5', '69');
INSERT INTO `hired_employees` VALUES ('1397', 'Lefty Glusby', '2021-09-29T16:34:41Z', '5', '80');
INSERT INTO `hired_employees` VALUES ('1398', 'Kaitlin Goodge', '2021-04-21T09:15:22Z', '2', '60');
INSERT INTO `hired_employees` VALUES ('1399', 'Brose Goodwins', '2021-10-15T00:32:44Z', '7', '73');
INSERT INTO `hired_employees` VALUES ('1400', 'Babita Gore', '2021-04-14T03:05:16Z', '7', '45');
INSERT INTO `hired_employees` VALUES ('1401', 'Kori Gorman', '2021-07-26T12:54:13Z', '6', '87');
INSERT INTO `hired_employees` VALUES ('1402', 'Hasty Gottelier', '2021-04-03T07:11:50Z', '10', '92');
INSERT INTO `hired_employees` VALUES ('1403', 'Fergus Goudy', '2021-08-06T04:46:14Z', '12', '56');
INSERT INTO `hired_employees` VALUES ('1404', 'Chet Goves', '2021-12-30T10:03:59Z', '1', '38');
INSERT INTO `hired_employees` VALUES ('1405', 'Reyna Gowrie', '2021-03-16T23:50:52Z', '8', '99');
INSERT INTO `hired_employees` VALUES ('1406', 'Isador Greatham', '2021-11-25T11:53:35Z', '6', '78');
INSERT INTO `hired_employees` VALUES ('1407', 'Doris Greenman', '2021-10-11T22:27:53Z', '5', '65');
INSERT INTO `hired_employees` VALUES ('1408', 'Bonnibelle Greenway', '2021-06-13T09:09:27Z', '2', '178');
INSERT INTO `hired_employees` VALUES ('1409', 'Annabela Greeve', '2021-06-27T14:27:18Z', '4', '80');
INSERT INTO `hired_employees` VALUES ('1410', 'Vally Greste', '2021-03-21T18:25:49Z', '8', '83');
INSERT INTO `hired_employees` VALUES ('1411', 'Dominic Gridon', '2021-02-21T23:15:04Z', '7', '58');
INSERT INTO `hired_employees` VALUES ('1412', 'Anna Griffey', '2021-10-10T01:28:17Z', '8', '49');
INSERT INTO `hired_employees` VALUES ('1413', 'Berna Grigorkin', '2021-08-02T13:21:07Z', '103', '');
INSERT INTO `hired_employees` VALUES ('1414', 'Anderea Grisard', '2021-09-24T20:26:16Z', '4', '78');
INSERT INTO `hired_employees` VALUES ('1415', 'Kari Grishechkin', '2021-09-02T02:27:38Z', '2', '44');
INSERT INTO `hired_employees` VALUES ('1416', 'Jacquette Grumell', '2021-02-05T01:17:13Z', '4', '77');
INSERT INTO `hired_employees` VALUES ('1417', 'Jeannette Grundey', '2021-12-25T02:47:28Z', '8', '69');
INSERT INTO `hired_employees` VALUES ('1418', 'Gilberta Gudgin', '2022-02-12T09:56:21Z', '7', '37');
INSERT INTO `hired_employees` VALUES ('1419', 'Hayward Gunton', '2021-11-27T00:10:20Z', '4', '59');
INSERT INTO `hired_employees` VALUES ('1420', 'Devon Habberjam', '2021-10-19T18:48:33Z', '1', '31');
INSERT INTO `hired_employees` VALUES ('1421', 'Merna Haddock', '2021-02-13T09:52:15Z', '7', '75');
INSERT INTO `hired_employees` VALUES ('1422', 'Monika Hadkins', '2021-11-20T10:29:25Z', '4', '69');
INSERT INTO `hired_employees` VALUES ('1423', 'Rozelle Hadleigh', '2021-08-08T01:23:27Z', '108', '');
INSERT INTO `hired_employees` VALUES ('1424', 'Jeana Hadlow', '2021-07-31T00:51:12Z', '8', '78');
INSERT INTO `hired_employees` VALUES ('1425', 'Brenn Hadye', '2021-03-05T08:31:17Z', '1', '7');
INSERT INTO `hired_employees` VALUES ('1426', 'Trumaine Halburton', '2021-03-12T13:18:26Z', '1', '64');
INSERT INTO `hired_employees` VALUES ('1427', 'Tara Halfhead', '2021-06-23T22:34:51Z', '2', '56');
INSERT INTO `hired_employees` VALUES ('1428', 'Kristofor Hallewell', '2021-05-12T20:37:50Z', '1', '47');
INSERT INTO `hired_employees` VALUES ('1429', 'Ashbey Halliburton', '2021-03-29T08:49:43Z', '6', '20');
INSERT INTO `hired_employees` VALUES ('1430', 'Zed Hallowes', '2021-08-31T05:39:43Z', '8', '159');
INSERT INTO `hired_employees` VALUES ('1431', 'Vyky Hammerberger', '2021-09-16T07:21:28Z', '5', '60');
INSERT INTO `hired_employees` VALUES ('1432', 'Jerrine Hammerson', '2022-01-20T22:47:27Z', '98', '');
INSERT INTO `hired_employees` VALUES ('1433', 'Aarika Hantusch', '2021-11-04T23:49:53Z', '4', '91');
INSERT INTO `hired_employees` VALUES ('1434', 'Bernadina Hanwell', '2021-09-11T00:27:03Z', '9', '5');
INSERT INTO `hired_employees` VALUES ('1435', 'Eleanora Haquin', '2021-10-10T03:18:10Z', '4', '79');
INSERT INTO `hired_employees` VALUES ('1436', 'Chanda Hastilow', '2021-10-20T12:39:47Z', '6', '64');
INSERT INTO `hired_employees` VALUES ('1437', 'Alwin Haugen', '2021-08-28T21:30:46Z', '3', '59');
INSERT INTO `hired_employees` VALUES ('1438', 'Nanine Haverson', '2021-09-21T11:01:18Z', '4', '38');
INSERT INTO `hired_employees` VALUES ('1439', 'Florie Haxby', '2021-11-27T14:14:20Z', '12', '107');
INSERT INTO `hired_employees` VALUES ('1440', 'Oren Hayball', '2021-04-30T15:56:51Z', '5', '111');
INSERT INTO `hired_employees` VALUES ('1441', 'Irwin Haylett', '2021-09-08T15:10:49Z', '6', '60');
INSERT INTO `hired_employees` VALUES ('1442', 'Hale Headings', '2021-02-07T17:53:58Z', '6', '62');
INSERT INTO `hired_employees` VALUES ('1443', 'Cherey Heazel', '2022-01-18T23:00:54Z', '4', '50');
INSERT INTO `hired_employees` VALUES ('1444', 'Jacenta Hegden', '2021-09-21T15:57:18Z', '8', '74');
INSERT INTO `hired_employees` VALUES ('1445', 'Gilles Heino', '2021-09-09T23:54:01Z', '12', '119');
INSERT INTO `hired_employees` VALUES ('1446', 'Risa Heinrici', '2021-11-18T21:46:42Z', '6', '48');
INSERT INTO `hired_employees` VALUES ('1447', 'Midge Held', '2021-10-28T15:25:45Z', '7', '43');
INSERT INTO `hired_employees` VALUES ('1448', 'Greg Hellmore', '2021-04-01T04:19:05Z', '5', '42');
INSERT INTO `hired_employees` VALUES ('1449', 'Emory Helmke', '2021-03-16T06:56:02Z', '7', '44');
INSERT INTO `hired_employees` VALUES ('1450', 'Loise Hembling', '2021-08-30T21:22:26Z', '8', '55');
INSERT INTO `hired_employees` VALUES ('1451', 'Avrit Hendonson', '2021-02-24T02:15:31Z', '11', '31');
INSERT INTO `hired_employees` VALUES ('1452', 'Truman Henniger', '2021-02-09T16:22:58Z', '8', '66');
INSERT INTO `hired_employees` VALUES ('1453', 'Liz Henrichsen', '2022-02-10T03:35:50Z', '5', '64');
INSERT INTO `hired_employees` VALUES ('1454', 'Gilda Heritege', '2021-12-20T16:14:04Z', '6', '122');
INSERT INTO `hired_employees` VALUES ('1455', 'Rodge Hernik', '2022-01-30T00:17:44Z', '4', '31');
INSERT INTO `hired_employees` VALUES ('1456', 'Rivi Hiley', '2021-03-31T09:56:30Z', '3', '78');
INSERT INTO `hired_employees` VALUES ('1457', 'Marcelline Hillaby', '2021-11-20T06:31:58Z', '9', '73');
INSERT INTO `hired_employees` VALUES ('1458', 'Norean Hobbing', '2021-12-04T17:35:48Z', '7', '22');
INSERT INTO `hired_employees` VALUES ('1459', 'Maisey Hobgen', '2021-03-18T17:03:53Z', '9', '88');
INSERT INTO `hired_employees` VALUES ('1460', 'Melva Hofer', '2021-02-24T04:11:44Z', '10', '75');
INSERT INTO `hired_employees` VALUES ('1461', 'Alfi Holberry', '2021-10-31T02:58:11Z', '8', '54');
INSERT INTO `hired_employees` VALUES ('1462', 'Correna Horsfield', '2021-03-02T12:02:36Z', '2', '47');
INSERT INTO `hired_employees` VALUES ('1463', 'Shell Houdhury', '2022-01-04T17:20:18Z', '50', '');
INSERT INTO `hired_employees` VALUES ('1464', 'Fanchette Hounsom', '2021-08-26T12:16:02Z', '8', '81');
INSERT INTO `hired_employees` VALUES ('1465', 'Hamnet Hubane', '2022-01-24T07:09:01Z', '7', '78');
INSERT INTO `hired_employees` VALUES ('1466', 'Chandler Huby', '2021-10-09T22:10:46Z', '5', '74');
INSERT INTO `hired_employees` VALUES ('1467', 'Sully Huc', '8', '148', '');
INSERT INTO `hired_employees` VALUES ('1468', 'Leela Hurd', '2021-05-25T08:41:00Z', '6', '92');
INSERT INTO `hired_employees` VALUES ('1469', 'Shelby Hurlin', '2022-01-14T23:53:12Z', '5', '79');
INSERT INTO `hired_employees` VALUES ('1470', 'Lianne Huxton', '2021-02-08T00:15:19Z', '5', '74');
INSERT INTO `hired_employees` VALUES ('1471', 'Ethelda Iacomi', '2021-02-07T23:47:52Z', '1', '49');
INSERT INTO `hired_employees` VALUES ('1472', 'Payton Iacopini', '2021-11-05T03:06:42Z', '6', '53');
INSERT INTO `hired_employees` VALUES ('1473', 'Berk Iacovelli', '2021-04-22T07:55:22Z', '3', '24');
INSERT INTO `hired_employees` VALUES ('1474', 'Calhoun Iacovolo', '2021-03-06T03:02:20Z', '7', NULL);
INSERT INTO `hired_employees` VALUES ('1475', 'Lebbie Ibanez', '2021-10-25T18:25:28Z', '10', '37');
INSERT INTO `hired_employees` VALUES ('1476', 'Friedrich Ilyas', '2021-04-18T12:50:40Z', '6', '94');
INSERT INTO `hired_employees` VALUES ('1477', 'Loella Ilyinykh', '2021-02-08T09:30:15Z', '6', '147');
INSERT INTO `hired_employees` VALUES ('1478', 'Tersina Inchbald', '2021-11-03T20:59:18Z', '10', '47');
INSERT INTO `hired_employees` VALUES ('1479', 'Doria Ingleson', '2021-06-15T16:20:40Z', '8', '83');
INSERT INTO `hired_employees` VALUES ('1480', 'Brena Ingrem', '2021-05-29T11:44:01Z', '7', '59');
INSERT INTO `hired_employees` VALUES ('1481', 'Eileen Ireland', '2021-08-05T14:24:07Z', '3', '98');
INSERT INTO `hired_employees` VALUES ('1482', 'Emmalynn Issatt', '2021-12-08T16:54:02Z', '4', '75');
INSERT INTO `hired_employees` VALUES ('1483', 'Paco Ivain', '5', '41', '');
INSERT INTO `hired_employees` VALUES ('1484', 'Arlene Jack', '2021-12-19T14:53:27Z', '5', '42');
INSERT INTO `hired_employees` VALUES ('1485', 'Hill Jagoe', '2022-02-14T23:50:27Z', '6', '85');
INSERT INTO `hired_employees` VALUES ('1486', 'Joanie Jahner', '2021-05-02T09:50:24Z', '7', '139');
INSERT INTO `hired_employees` VALUES ('1487', 'Fanechka Jakubczyk', '2021-02-13T07:59:01Z', '3', '57');
INSERT INTO `hired_employees` VALUES ('1488', 'Samantha James', '2021-09-11T11:12:45Z', '7', '48');
INSERT INTO `hired_employees` VALUES ('1489', 'Arabelle Jamson', '2021-06-19T02:27:07Z', '2', '25');
INSERT INTO `hired_employees` VALUES ('1490', 'Mathew Janczak', '2021-05-02T20:01:12Z', '4', '63');
INSERT INTO `hired_employees` VALUES ('1491', 'Liane Janicek', '2021-08-17T22:56:06Z', '6', '108');
INSERT INTO `hired_employees` VALUES ('1492', 'Lesya Janjusevic', '2021-05-15T15:39:19Z', '4', '102');
INSERT INTO `hired_employees` VALUES ('1493', '2021-03-20T10:48:47Z', '10', '153', '');
INSERT INTO `hired_employees` VALUES ('1494', 'Fredericka Jarmain', '2021-08-25T04:03:09Z', '5', '58');
INSERT INTO `hired_employees` VALUES ('1495', 'Seth Jeffree', '2021-03-31T19:15:51Z', '6', '29');
INSERT INTO `hired_employees` VALUES ('1496', 'Carissa Jeffrey', '2021-03-01T20:13:38Z', '5', '101');
INSERT INTO `hired_employees` VALUES ('1497', 'Teddi Jeffrey', '2021-10-11T14:30:13Z', '11', '81');
INSERT INTO `hired_employees` VALUES ('1498', 'Teriann Jell', '2022-01-10T08:28:43Z', '4', '61');
INSERT INTO `hired_employees` VALUES ('1499', 'Holly Jellard', '2021-09-29T00:53:42Z', '6', '118');
INSERT INTO `hired_employees` VALUES ('1500', 'Audrye Jendrys', '2021-04-08T02:27:08Z', '4', '57');
INSERT INTO `hired_employees` VALUES ('1501', 'Adaline Jephcote', '2021-09-16T03:17:23Z', '4', '5');
INSERT INTO `hired_employees` VALUES ('1502', 'Myrtle Johanning', '2021-04-20T03:33:22Z', '8', '50');
INSERT INTO `hired_employees` VALUES ('1503', 'Anjanette Johansson', '2021-10-28T11:48:58Z', '6', '85');
INSERT INTO `hired_employees` VALUES ('1504', 'Avrit Jopling', '2021-07-10T20:34:54Z', '9', '33');
INSERT INTO `hired_employees` VALUES ('1505', 'Andi Josey', '2021-04-20T22:42:20Z', '6', '51');
INSERT INTO `hired_employees` VALUES ('1506', 'Joye Josse', '2021-10-02T07:13:19Z', '4', '45');
INSERT INTO `hired_employees` VALUES ('1507', 'Nonie Josuweit', '2021-11-18T06:31:35Z', '6', '46');
INSERT INTO `hired_employees` VALUES ('1508', 'Tommy Jouannisson', '2021-04-26T12:30:00Z', '11', '92');
INSERT INTO `hired_employees` VALUES ('1509', 'Tiphanie Joyce', '2022-01-19T21:11:05Z', '6', '69');
INSERT INTO `hired_employees` VALUES ('1510', 'Zelda Juara', '2021-03-07T20:24:50Z', '4', '54');
INSERT INTO `hired_employees` VALUES ('1511', 'Cecilia Julien', '2021-07-31T06:10:51Z', '3', '49');
INSERT INTO `hired_employees` VALUES ('1512', 'Malia Juszczak', '2021-08-26T07:18:58Z', '7', '51');
INSERT INTO `hired_employees` VALUES ('1513', 'Garald Kaes', '2022-02-18T16:34:19Z', '4', '57');
INSERT INTO `hired_employees` VALUES ('1514', 'Francis Kamenar', '2021-10-19T09:21:42Z', '8', '25');
INSERT INTO `hired_employees` VALUES ('1515', 'Stephenie Karolowski', '2021-12-04T04:16:48Z', '3', '111');
INSERT INTO `hired_employees` VALUES ('1516', 'Kerry Keatley', '2021-10-08T02:32:38Z', '8', '137');
INSERT INTO `hired_employees` VALUES ('1517', 'Falito Keepe', '2021-06-10T21:42:06Z', '2', '78');
INSERT INTO `hired_employees` VALUES ('1518', 'Cassandra Kellegher', '2021-02-20T22:20:53Z', '10', '80');
INSERT INTO `hired_employees` VALUES ('1519', 'Perkin Kelson', '2021-04-29T05:20:41Z', '2', '62');
INSERT INTO `hired_employees` VALUES ('1520', 'Kial Kemer', '2021-12-22T01:59:59Z', '8', '79');
INSERT INTO `hired_employees` VALUES ('1521', 'Paulita Kemet', '2021-11-26T12:59:46Z', '9', '70');
INSERT INTO `hired_employees` VALUES ('1522', 'Gina Kenan', '2021-10-28T19:05:53Z', '8', '86');
INSERT INTO `hired_employees` VALUES ('1523', 'Darelle Kenaway', '2021-05-08T10:51:07Z', '7', NULL);
INSERT INTO `hired_employees` VALUES ('1524', 'Jacenta Kender', '2021-08-07T04:31:22Z', '8', '62');
INSERT INTO `hired_employees` VALUES ('1525', 'Maiga Kenningley', '2021-03-03T10:46:50Z', '8', '96');
INSERT INTO `hired_employees` VALUES ('1526', 'Vivie Kensitt', '2021-12-01T17:32:31Z', '9', '58');
INSERT INTO `hired_employees` VALUES ('1527', 'Maxy Kerner', '2021-02-23T14:16:05Z', '7', '61');
INSERT INTO `hired_employees` VALUES ('1528', 'Doyle Kettlestringes', '2021-03-20T08:53:56Z', '11', '17');
INSERT INTO `hired_employees` VALUES ('1529', 'Deena Kew', '2021-10-06T06:06:47Z', '5', '68');
INSERT INTO `hired_employees` VALUES ('1530', 'Jacques Keynd', '2022-01-17T03:31:09Z', '6', '41');
INSERT INTO `hired_employees` VALUES ('1531', 'Daune Kid', '2022-02-10T12:32:39Z', '7', '92');
INSERT INTO `hired_employees` VALUES ('1532', 'Alfreda Kiddye', '2021-07-20T16:08:08Z', '1', '56');
INSERT INTO `hired_employees` VALUES ('1533', 'Tiertza Killingworth', '2022-02-04T20:16:06Z', '3', '86');
INSERT INTO `hired_employees` VALUES ('1534', 'Rex Kinghorne', '2021-10-06T12:49:28Z', '4', '117');
INSERT INTO `hired_employees` VALUES ('1535', 'Jorry Kinig', '2021-07-07T12:56:22Z', '3', '96');
INSERT INTO `hired_employees` VALUES ('1536', 'Mellicent Kinnard', '2021-08-16T06:41:51Z', '2', '50');
INSERT INTO `hired_employees` VALUES ('1537', 'Marya Kirman', '2022-01-16T21:23:39Z', '8', '126');
INSERT INTO `hired_employees` VALUES ('1538', 'Rafferty Kleinhaus', '2021-09-27T21:27:53Z', '2', '108');
INSERT INTO `hired_employees` VALUES ('1539', 'Grace Klimaszewski', '2021-04-25T00:25:51Z', '8', '83');
INSERT INTO `hired_employees` VALUES ('1540', 'Chrysler Kobera', '2021-03-25T08:08:41Z', '5', '68');
INSERT INTO `hired_employees` VALUES ('1541', 'Jennie Kopje', '2022-01-18T17:10:17Z', '5', '46');
INSERT INTO `hired_employees` VALUES ('1542', 'Dewie Koppel', '2022-02-08T04:57:10Z', '7', '36');
INSERT INTO `hired_employees` VALUES ('1543', 'Melodie Kordt', '2021-07-11T16:41:31Z', '3', '133');
INSERT INTO `hired_employees` VALUES ('1544', 'Curr Kropp', '2021-04-25T22:43:01Z', '9', '139');
INSERT INTO `hired_employees` VALUES ('1545', 'Allan Kruger', '2022-01-24T08:26:50Z', '5', '52');
INSERT INTO `hired_employees` VALUES ('1546', 'Zack Kubacek', '2021-10-03T02:40:41Z', '8', '42');
INSERT INTO `hired_employees` VALUES ('1547', 'Kirsteni Kubicki', '2021-09-03T16:49:39Z', '6', '79');
INSERT INTO `hired_employees` VALUES ('1548', 'Pegeen Lafrentz', '2021-06-18T15:20:18Z', '6', '43');
INSERT INTO `hired_employees` VALUES ('1549', 'Antonina Lakeland', '2021-08-24T04:50:51Z', '3', '21');
INSERT INTO `hired_employees` VALUES ('1550', 'Ellene Lamperd', '2021-04-24T10:10:48Z', '3', '31');
INSERT INTO `hired_employees` VALUES ('1551', 'Lind Landrick', '2021-04-05T22:11:47Z', '7', '85');
INSERT INTO `hired_employees` VALUES ('1552', 'Quintus Lawden', '2021-04-25T22:30:37Z', '5', '131');
INSERT INTO `hired_employees` VALUES ('1553', 'Bobette Lawlan', '2022-02-02T23:14:26Z', '9', '68');
INSERT INTO `hired_employees` VALUES ('1554', 'Eziechiele Lawton', '2021-03-04T11:31:49Z', '6', '15');
INSERT INTO `hired_employees` VALUES ('1555', 'Annabella Le Floch', '2022-01-07T05:21:00Z', '3', '79');
INSERT INTO `hired_employees` VALUES ('1556', 'Giff Leaning', '2021-08-29T06:02:42Z', '7', '9');
INSERT INTO `hired_employees` VALUES ('1557', 'Kamila Leate', '2021-05-04T10:13:08Z', '8', '34');
INSERT INTO `hired_employees` VALUES ('1558', 'Avivah Leber', '2021-07-21T15:53:26Z', '6', '68');
INSERT INTO `hired_employees` VALUES ('1559', 'Woodman Leeds', '2022-01-05T10:20:17Z', '12', '61');
INSERT INTO `hired_employees` VALUES ('1560', 'Zena Lees', '2021-11-06T07:15:24Z', '2', '50');
INSERT INTO `hired_employees` VALUES ('1561', 'Saxon Lehmann', '2021-10-28T18:29:31Z', '3', NULL);
INSERT INTO `hired_employees` VALUES ('1562', 'Letisha Leicester', '2021-08-31T16:37:15Z', '6', '64');
INSERT INTO `hired_employees` VALUES ('1563', 'Sharona Leipelt', '2021-08-25T02:46:44Z', '7', '152');
INSERT INTO `hired_employees` VALUES ('1564', 'Pietro Lemmertz', '2021-05-01T17:41:48Z', '11', '30');
INSERT INTO `hired_employees` VALUES ('1565', 'Karen Leversha', '2021-07-27T20:45:40Z', '5', '60');
INSERT INTO `hired_employees` VALUES ('1566', 'Ingrim Libreros', '2021-12-08T11:57:56Z', '9', '57');
INSERT INTO `hired_employees` VALUES ('1567', 'Annabelle Liddel', '2021-11-29T20:23:23Z', '8', '46');
INSERT INTO `hired_employees` VALUES ('1568', 'Jody Liffey', '2021-04-14T13:41:44Z', '3', '47');
INSERT INTO `hired_employees` VALUES ('1569', 'Newton Liggins', '2021-08-12T07:28:19Z', '6', '45');
INSERT INTO `hired_employees` VALUES ('1570', 'Cati Limpenny', '2021-02-05T10:51:00Z', '2', '72');
INSERT INTO `hired_employees` VALUES ('1571', 'Saraann Lindenberg', '2021-11-28T02:28:40Z', '10', '73');
INSERT INTO `hired_employees` VALUES ('1572', 'Bethena Lindenstrauss', '2021-04-23T09:48:13Z', '9', '65');
INSERT INTO `hired_employees` VALUES ('1573', 'Hynda Lippiello', '2021-08-29T01:59:39Z', '6', '74');
INSERT INTO `hired_employees` VALUES ('1574', 'Laura Liversedge', '2021-10-04T16:28:21Z', '8', '19');
INSERT INTO `hired_employees` VALUES ('1575', 'Edgard Lopez', '2021-05-29T10:26:15Z', '6', '15');
INSERT INTO `hired_employees` VALUES ('1576', 'Noak Lording', '2021-11-18T00:52:33Z', '7', '84');
INSERT INTO `hired_employees` VALUES ('1577', 'Kenneth Lorey', '2022-01-05T10:19:42Z', '10', '63');
INSERT INTO `hired_employees` VALUES ('1578', 'Garfield Loton', '2022-01-14T05:54:04Z', '7', '49');
INSERT INTO `hired_employees` VALUES ('1579', 'Deane Lovemore', '2021-03-31T04:27:17Z', '7', '38');
INSERT INTO `hired_employees` VALUES ('1580', 'Eugenio Low', '2021-04-05T19:25:24Z', '8', '71');
INSERT INTO `hired_employees` VALUES ('1581', 'Gris Loxton', '2022-01-07T06:42:22Z', '10', '73');
INSERT INTO `hired_employees` VALUES ('1582', 'Adams Luisetti', '2021-08-10T11:06:19Z', '3', '109');
INSERT INTO `hired_employees` VALUES ('1583', 'Chrotoem Lunam', '2021-11-04T09:51:55Z', '8', '55');
INSERT INTO `hired_employees` VALUES ('1584', 'Renado Lyne', '2021-04-23T15:58:47Z', '7', '50');
INSERT INTO `hired_employees` VALUES ('1585', 'Sonja MacAllen', '2021-07-01T04:36:39Z', '12', '52');
INSERT INTO `hired_employees` VALUES ('1586', 'Roanne MacColl', '2021-07-25T01:23:13Z', '2', '12');
INSERT INTO `hired_employees` VALUES ('1587', 'Deina MacFaell', '2021-06-30T11:28:53Z', '5', '40');
INSERT INTO `hired_employees` VALUES ('1588', 'Gabriell MacGebenay', '2021-10-18T12:14:36Z', '12', '77');
INSERT INTO `hired_employees` VALUES ('1589', 'Emmeline MacGrath', '2021-12-12T04:57:39Z', '11', NULL);
INSERT INTO `hired_employees` VALUES ('1590', 'Niven Mackrell', '2021-05-17T07:18:48Z', '85', '');
INSERT INTO `hired_employees` VALUES ('1591', 'Antonia MacLice', '2021-12-27T01:34:52Z', '2', '59');
INSERT INTO `hired_employees` VALUES ('1592', 'Anni MacMakin', '2021-04-20T12:17:27Z', '9', '71');
INSERT INTO `hired_employees` VALUES ('1593', 'Ruthi MacTavish', '2021-09-11T16:28:28Z', '5', '28');
INSERT INTO `hired_employees` VALUES ('1594', 'Vinny Magovern', '2021-03-18T22:07:38Z', '9', '93');
INSERT INTO `hired_employees` VALUES ('1595', 'Charita Magrane', '2021-10-12T22:01:00Z', '5', '20');
INSERT INTO `hired_employees` VALUES ('1596', 'Noble Magson', '2021-06-04T01:46:24Z', '4', '127');
INSERT INTO `hired_employees` VALUES ('1597', 'Rahal Malitrott', '2021-03-17T11:36:22Z', '9', '32');
INSERT INTO `hired_employees` VALUES ('1598', 'Hope Malkinson', '2021-03-10T23:26:15Z', '4', '25');
INSERT INTO `hired_employees` VALUES ('1599', 'Chrystal Maloney', '2021-12-12T14:46:11Z', '6', '49');
INSERT INTO `hired_employees` VALUES ('1600', 'Niels Malt', '2021-05-03T08:55:24Z', '5', '93');
INSERT INTO `hired_employees` VALUES ('1601', 'Vincents Marciek', '2021-09-08T17:09:48Z', '6', '83');
INSERT INTO `hired_employees` VALUES ('1602', 'Gamaliel Markie', '2021-08-29T14:31:30Z', '9', '124');
INSERT INTO `hired_employees` VALUES ('1603', 'Zulema Markus', '2021-07-29T04:57:18Z', '8', '37');
INSERT INTO `hired_employees` VALUES ('1604', 'Trace Marshal', '2021-11-19T08:02:23Z', '4', '39');
INSERT INTO `hired_employees` VALUES ('1605', 'Matteo Martensen', '2021-07-12T23:31:13Z', '5', '114');
INSERT INTO `hired_employees` VALUES ('1606', 'Mitzi Martinetto', '2021-08-21T09:29:56Z', '8', '49');
INSERT INTO `hired_employees` VALUES ('1607', 'Inglis Masding', '2021-08-25T10:07:55Z', '3', '93');
INSERT INTO `hired_employees` VALUES ('1608', 'Rita Massimo', '2021-06-19T12:52:29Z', '4', '72');
INSERT INTO `hired_employees` VALUES ('1609', 'Doyle Matei', '2021-10-09T23:59:20Z', '10', '97');
INSERT INTO `hired_employees` VALUES ('1610', 'Andreas Mathis', '2021-12-01T00:02:41Z', '5', '38');
INSERT INTO `hired_employees` VALUES ('1611', 'Hill Matterdace', '2021-08-25T22:24:12Z', '7', '22');
INSERT INTO `hired_employees` VALUES ('1612', 'Jazmin Mattiato', '2021-08-07T05:23:59Z', '4', '52');
INSERT INTO `hired_employees` VALUES ('1613', 'Sigrid Matysik', '2022-02-15T21:20:01Z', '143', '');
INSERT INTO `hired_employees` VALUES ('1614', 'Shawn Maun', '2021-12-13T17:34:03Z', '3', '78');
INSERT INTO `hired_employees` VALUES ('1615', 'Jillana Mayze', '2021-06-12T05:50:40Z', '6', '82');
INSERT INTO `hired_employees` VALUES ('1616', 'Emlen McAless', '2021-09-02T02:03:36Z', '4', '45');
INSERT INTO `hired_employees` VALUES ('1617', 'Valenka McCaghan', '2021-12-26T16:39:06Z', '3', '47');
INSERT INTO `hired_employees` VALUES ('1618', 'Hasheem McCahill', '2021-10-13T13:06:05Z', '10', '75');
INSERT INTO `hired_employees` VALUES ('1619', 'Karlene McCallister', '2021-07-04T21:23:44Z', '5', '60');
INSERT INTO `hired_employees` VALUES ('1620', 'Cilka McCory', '2021-08-15T02:44:41Z', '10', '96');
INSERT INTO `hired_employees` VALUES ('1621', 'Sheri McCoveney', '2021-05-08T05:22:33Z', '3', '121');
INSERT INTO `hired_employees` VALUES ('1622', 'Dodie McCrae', '2021-03-14T09:53:53Z', '3', '72');
INSERT INTO `hired_employees` VALUES ('1623', 'Hubert McCraw', '2022-01-04T17:42:48Z', '6', '33');
INSERT INTO `hired_employees` VALUES ('1624', 'Stearne McCudden', '2021-11-10T05:00:20Z', '2', '41');
INSERT INTO `hired_employees` VALUES ('1625', 'Toddy McFee', '2021-04-28T00:16:29Z', '2', '68');
INSERT INTO `hired_employees` VALUES ('1626', 'Maribeth McGiffie', '2021-04-06T18:16:06Z', '1', '150');
INSERT INTO `hired_employees` VALUES ('1627', 'Deanne McHarry', '2021-11-19T09:36:41Z', '3', '106');
INSERT INTO `hired_employees` VALUES ('1628', 'Adan McMurray', '2021-12-19T13:16:46Z', '9', '81');
INSERT INTO `hired_employees` VALUES ('1629', 'Goldia McNirlan', '2021-11-07T06:24:02Z', '10', '88');
INSERT INTO `hired_employees` VALUES ('1630', 'Adler McPhillips', '2021-07-18T04:20:02Z', '9', '71');
INSERT INTO `hired_employees` VALUES ('1631', 'Yettie McRobert', '2021-11-12T14:12:30Z', '10', '98');
INSERT INTO `hired_employees` VALUES ('1632', 'Loree Mendez', '2022-02-16T08:39:30Z', '5', '35');
INSERT INTO `hired_employees` VALUES ('1633', 'Charline Meran', '2021-09-19T15:49:14Z', '5', '80');
INSERT INTO `hired_employees` VALUES ('1634', 'Duff Mertel', '2021-12-10T01:40:03Z', '5', '149');
INSERT INTO `hired_employees` VALUES ('1635', 'Winne Mewton', '2021-06-03T02:26:49Z', '9', '47');
INSERT INTO `hired_employees` VALUES ('1636', 'Adair Middle', '2021-12-18T18:21:44Z', '5', '102');
INSERT INTO `hired_employees` VALUES ('1637', 'Serena Milburne', '2021-06-08T19:19:29Z', '2', '117');
INSERT INTO `hired_employees` VALUES ('1638', 'Revkah Miles', '2021-04-11T08:45:42Z', '5', '103');
INSERT INTO `hired_employees` VALUES ('1639', 'Candis Millam', '2021-02-04T08:09:56Z', '4', '49');
INSERT INTO `hired_employees` VALUES ('1640', 'Auguste Minards', '2021-04-09T17:40:07Z', '7', '59');
INSERT INTO `hired_employees` VALUES ('1641', 'Muffin Monahan', '2021-08-26T17:59:42Z', '5', '133');
INSERT INTO `hired_employees` VALUES ('1642', 'Ronda Montel', '2022-02-18T11:53:32Z', '6', '15');
INSERT INTO `hired_employees` VALUES ('1643', 'Andi Morcomb', '2021-10-30T16:13:54Z', '6', '96');
INSERT INTO `hired_employees` VALUES ('1644', 'Bjorn Morican', '2021-07-26T23:50:08Z', '6', '81');
INSERT INTO `hired_employees` VALUES ('1645', 'Hedvige Morter', '2021-02-05T01:19:11Z', '5', '100');
INSERT INTO `hired_employees` VALUES ('1646', 'Shelagh Mossman', '2021-09-27T15:35:59Z', '5', '31');
INSERT INTO `hired_employees` VALUES ('1647', 'Flori Mowatt', '2022-01-27T19:23:12Z', '9', '140');
INSERT INTO `hired_employees` VALUES ('1648', 'August Mower', '2021-05-08T12:36:31Z', '4', '29');
INSERT INTO `hired_employees` VALUES ('1649', 'Karina Mowett', '2021-05-12T13:10:15Z', '9', '108');
INSERT INTO `hired_employees` VALUES ('1650', 'Callida Mulcock', '2021-09-08T15:11:04Z', '6', '50');
INSERT INTO `hired_employees` VALUES ('1651', 'Shirlee Muldrew', '2021-09-27T11:14:02Z', '1', '36');
INSERT INTO `hired_employees` VALUES ('1652', 'Corabel Muncie', '2021-11-17T14:28:16Z', '7', '92');
INSERT INTO `hired_employees` VALUES ('1653', 'Catlee Mundie', '2021-10-08T22:28:59Z', '11', '34');
INSERT INTO `hired_employees` VALUES ('1654', 'Gloria Muzzini', '2021-06-19T03:05:48Z', '9', '67');
INSERT INTO `hired_employees` VALUES ('1655', 'Juliette Myrick', '2021-11-29T13:22:57Z', '8', '94');
INSERT INTO `hired_employees` VALUES ('1656', 'Fayina Nalder', '2021-07-15T22:42:57Z', '3', '35');
INSERT INTO `hired_employees` VALUES ('1657', 'Gawen Narraway', '2021-10-06T13:28:02Z', '2', '18');
INSERT INTO `hired_employees` VALUES ('1658', 'Valeria Nasi', '2021-07-30T11:00:26Z', '12', '55');
INSERT INTO `hired_employees` VALUES ('1659', 'Tailor Natte', '2021-12-29T00:43:35Z', '8', '92');
INSERT INTO `hired_employees` VALUES ('1660', 'Beaufort Navarre', '2021-09-01T01:18:37Z', '2', '78');
INSERT INTO `hired_employees` VALUES ('1661', 'Winnie Nayer', '2021-02-16T19:23:07Z', '8', '108');
INSERT INTO `hired_employees` VALUES ('1662', 'Ingunna Neads', '2022-02-04T17:23:50Z', '3', '54');
INSERT INTO `hired_employees` VALUES ('1663', 'Catha Neeson', '2021-11-04T12:54:19Z', '3', '76');
INSERT INTO `hired_employees` VALUES ('1664', 'Meara Neggrini', '2021-08-10T11:12:53Z', '7', '65');
INSERT INTO `hired_employees` VALUES ('1665', 'Noah Neno', '2021-08-31T16:10:47Z', '4', '68');
INSERT INTO `hired_employees` VALUES ('1666', 'Rad Nickols', '2021-04-06T02:41:00Z', '6', '40');
INSERT INTO `hired_employees` VALUES ('1667', 'Jinny Nissle', '2021-10-08T18:12:40Z', '10', '158');
INSERT INTO `hired_employees` VALUES ('1668', 'Larry Nobes', '2021-09-16T01:10:45Z', '6', '174');
INSERT INTO `hired_employees` VALUES ('1669', 'Shannan Nolleau', '2021-02-23T18:13:10Z', '8', '57');
INSERT INTO `hired_employees` VALUES ('1670', 'Cordelia Nolton', '2021-12-27T06:46:11Z', '10', '73');
INSERT INTO `hired_employees` VALUES ('1671', 'Ernaline Norcutt', '2021-12-09T07:06:19Z', '5', '148');
INSERT INTO `hired_employees` VALUES ('1672', 'Windham Northcote', '2021-05-09T01:14:51Z', '5', '55');
INSERT INTO `hired_employees` VALUES ('1673', 'Cosette Norwich', '2022-01-15T02:19:34Z', '5', '45');
INSERT INTO `hired_employees` VALUES ('1674', 'Marita Norwood', '2021-06-20T17:40:30Z', '7', '84');
INSERT INTO `hired_employees` VALUES ('1675', 'Roxanna Novis', '2021-10-13T12:19:36Z', '2', '175');
INSERT INTO `hired_employees` VALUES ('1676', 'My Nucciotti', '2021-12-30T10:24:40Z', '11', '48');
INSERT INTO `hired_employees` VALUES ('1677', 'Karel Nutty', '2021-04-21T07:40:11Z', '8', '48');
INSERT INTO `hired_employees` VALUES ('1678', 'Rhonda OBoyle', '2021-12-16T01:57:07Z', '5', '82');
INSERT INTO `hired_employees` VALUES ('1679', 'Aguste OCridigan', '2021-05-24T20:06:57Z', '5', '122');
INSERT INTO `hired_employees` VALUES ('1680', 'Werner OFarrell', '2021-04-24T12:53:43Z', '5', '90');
INSERT INTO `hired_employees` VALUES ('1681', 'Janek OGarmen', '2021-08-07T11:01:52Z', '8', '62');
INSERT INTO `hired_employees` VALUES ('1682', 'Noemi OHingerty', '2022-01-28T13:25:09Z', '11', '57');
INSERT INTO `hired_employees` VALUES ('1683', 'Fidel OKeefe', '2021-08-28T21:27:34Z', '6', '49');
INSERT INTO `hired_employees` VALUES ('1684', 'Darcy OKinneally', '2021-07-01T14:02:42Z', '7', '3');
INSERT INTO `hired_employees` VALUES ('1685', 'Bruno OLeahy', '2022-01-16T19:23:39Z', '7', '19');
INSERT INTO `hired_employees` VALUES ('1686', 'Bessy Oakeby', '4', '53', '');
INSERT INTO `hired_employees` VALUES ('1687', 'Evaleen Obin', '2021-12-08T10:40:18Z', '12', '96');
INSERT INTO `hired_employees` VALUES ('1688', '2022-01-20T19:51:12Z', '11', '100', '');
INSERT INTO `hired_employees` VALUES ('1689', 'Jacquelin Ofen', '2021-04-05T13:47:36Z', '10', '42');
INSERT INTO `hired_employees` VALUES ('1690', 'Sarene Ogdahl', '2021-10-29T15:50:09Z', '8', '105');
INSERT INTO `hired_employees` VALUES ('1691', 'Benedetto Olczyk', '2021-12-12T15:14:57Z', '8', '48');
INSERT INTO `hired_employees` VALUES ('1692', 'Algernon Oldall', '2021-04-20T16:57:46Z', '7', '86');
INSERT INTO `hired_employees` VALUES ('1693', 'Rebeca Oldred', '2022-02-05T05:38:16Z', '6', '73');
INSERT INTO `hired_employees` VALUES ('1694', 'Fergus Oleszcuk', '2021-05-21T01:38:27Z', '7', '62');
INSERT INTO `hired_employees` VALUES ('1695', 'Gillan Ollivierre', '2021-04-19T06:09:16Z', '4', '104');
INSERT INTO `hired_employees` VALUES ('1696', 'Evered Oluwatoyin', '2021-05-09T13:06:04Z', '4', '56');
INSERT INTO `hired_employees` VALUES ('1697', 'Sumner Omand', '2021-03-17T01:09:33Z', '7', '53');
INSERT INTO `hired_employees` VALUES ('1698', 'Daloris Oneal', '2021-05-12T16:08:02Z', '3', '57');
INSERT INTO `hired_employees` VALUES ('1699', 'Nettle Opdenorth', '2021-06-17T21:44:49Z', '10', '16');
INSERT INTO `hired_employees` VALUES ('1700', 'Amos Orbell', '2021-08-16T10:13:06Z', '8', '38');
INSERT INTO `hired_employees` VALUES ('1701', 'Clarie Ordemann', '2021-08-31T16:56:37Z', '6', '25');
INSERT INTO `hired_employees` VALUES ('1702', 'Ettore Orgel', '2021-05-21T01:13:45Z', '7', '113');
INSERT INTO `hired_employees` VALUES ('1703', 'Ahmed Orrum', '2022-01-01T01:11:48Z', '7', '55');
INSERT INTO `hired_employees` VALUES ('1704', 'Linell Ort', '2022-02-03T14:58:21Z', '5', '66');
INSERT INTO `hired_employees` VALUES ('1705', 'Bonita Ortiga', '2021-10-09T06:43:41Z', '8', '100');
INSERT INTO `hired_employees` VALUES ('1706', 'Valentina Oslar', '2021-11-06T18:12:29Z', '4', '118');
INSERT INTO `hired_employees` VALUES ('1707', 'Berty Osmar', '2021-07-17T11:39:45Z', '5', '21');
INSERT INTO `hired_employees` VALUES ('1708', 'Charles Ostridge', '2021-08-04T20:40:38Z', '5', '73');
INSERT INTO `hired_employees` VALUES ('1709', 'Nev Ough', '2021-02-22T15:37:40Z', '3', '78');
INSERT INTO `hired_employees` VALUES ('1710', 'Augusto Oulett', '2021-07-28T04:08:09Z', '3', '83');
INSERT INTO `hired_employees` VALUES ('1711', 'Andra Owbrick', '2021-07-14T11:32:38Z', '8', '67');
INSERT INTO `hired_employees` VALUES ('1712', 'Cathrin Paffitt', '2021-05-20T07:20:04Z', '10', '154');
INSERT INTO `hired_employees` VALUES ('1713', 'Isa Pagelsen', '2021-07-23T15:23:37Z', '5', '51');
INSERT INTO `hired_employees` VALUES ('1714', 'Mala Pales', '2021-05-04T04:52:48Z', '70', '');
INSERT INTO `hired_employees` VALUES ('1715', 'Isobel Pallaske', '2021-12-21T03:04:31Z', '7', '85');
INSERT INTO `hired_employees` VALUES ('1716', 'Evered Palmer', '2021-07-04T11:45:42Z', '7', '72');
INSERT INTO `hired_employees` VALUES ('1717', 'Marcelo Parramore', '2021-04-03T22:41:04Z', '8', '62');
INSERT INTO `hired_employees` VALUES ('1718', 'Berty Parren', '2021-10-25T16:46:28Z', '8', '78');
INSERT INTO `hired_employees` VALUES ('1719', 'Delmer Pash', '2021-09-15T05:06:53Z', '3', '70');
INSERT INTO `hired_employees` VALUES ('1720', 'Shaine Pauel', '2021-03-10T08:59:47Z', '3', '137');
INSERT INTO `hired_employees` VALUES ('1721', 'Marge Paulisch', '2021-07-17T20:48:43Z', '1', '109');
INSERT INTO `hired_employees` VALUES ('1722', 'Cherilynn Paull', '2021-10-21T09:58:04Z', '3', '82');
INSERT INTO `hired_employees` VALUES ('1723', 'Alexandrina Pavlenko', '2022-01-27T17:35:44Z', '2', '74');
INSERT INTO `hired_employees` VALUES ('1724', 'Bliss Pedrozzi', '2021-07-19T01:26:16Z', '10', '80');
INSERT INTO `hired_employees` VALUES ('1725', 'Tomas Peele', '2021-08-14T00:19:33Z', '7', '106');
INSERT INTO `hired_employees` VALUES ('1726', 'Leigh Penhallurick', '2021-07-24T16:19:53Z', '4', '149');
INSERT INTO `hired_employees` VALUES ('1727', 'Raynor Peniello', '2021-10-12T13:21:06Z', '7', '68');
INSERT INTO `hired_employees` VALUES ('1728', 'Kelwin Pennings', '2021-07-29T22:03:28Z', '2', '46');
INSERT INTO `hired_employees` VALUES ('1729', 'Milty Pennings', '2021-06-09T11:44:08Z', '4', '88');
INSERT INTO `hired_employees` VALUES ('1730', 'Rodolphe Peschka', '2021-06-18T08:04:32Z', '4', '9');
INSERT INTO `hired_employees` VALUES ('1731', 'Maynord Pester', '2022-01-19T13:42:28Z', '4', '175');
INSERT INTO `hired_employees` VALUES ('1732', 'Cyrille Pettipher', '2022-02-11T05:14:27Z', '9', '65');
INSERT INTO `hired_employees` VALUES ('1733', 'Parsifal Pevreal', '2021-02-19T11:37:58Z', '5', '148');
INSERT INTO `hired_employees` VALUES ('1734', 'Rock Pezey', '2021-12-30T11:42:43Z', '2', '61');
INSERT INTO `hired_employees` VALUES ('1735', 'Chrissie Philbin', '2021-06-30T17:27:15Z', '10', '64');
INSERT INTO `hired_employees` VALUES ('1736', 'Chalmers Phillipp', '2021-05-29T22:18:33Z', '2', '62');
INSERT INTO `hired_employees` VALUES ('1737', 'Kissiah Phizakarley', '2021-05-19T05:03:28Z', '6', '19');
INSERT INTO `hired_employees` VALUES ('1738', 'Ettore Piccard', '2021-11-30T14:24:17Z', '1', '54');
INSERT INTO `hired_employees` VALUES ('1739', 'Rafael Pickering', '2021-02-02T16:34:47Z', '7', '58');
INSERT INTO `hired_employees` VALUES ('1740', 'Jonie Pieterick', '2021-09-21T20:10:08Z', '5', '91');
INSERT INTO `hired_employees` VALUES ('1741', 'Malachi Pietroni', '2022-01-13T08:58:21Z', '11', '57');
INSERT INTO `hired_employees` VALUES ('1742', 'Wadsworth Pigeon', '2021-09-09T07:15:17Z', '9', '113');
INSERT INTO `hired_employees` VALUES ('1743', 'Georg Pigney', '2021-10-31T16:51:12Z', '4', '25');
INSERT INTO `hired_employees` VALUES ('1744', 'Jilli Pilcher', '2022-02-10T11:47:45Z', '8', '51');
INSERT INTO `hired_employees` VALUES ('1745', 'Mickie Piletic', '2021-05-06T21:16:22Z', '5', '69');
INSERT INTO `hired_employees` VALUES ('1746', 'Lorette Pinson', '2021-08-02T16:46:36Z', '6', '69');
INSERT INTO `hired_employees` VALUES ('1747', 'Lettie Pires', '2021-03-15T12:22:30Z', '7', '67');
INSERT INTO `hired_employees` VALUES ('1748', 'Indira Pirozzi', '2021-10-28T03:07:10Z', '1', '131');
INSERT INTO `hired_employees` VALUES ('1749', 'Roseanne Pitkeathley', '2022-02-14T00:13:48Z', '12', '103');
INSERT INTO `hired_employees` VALUES ('1750', 'Alidia Playden', '2021-12-23T12:38:00Z', '11', '11');
INSERT INTO `hired_employees` VALUES ('1751', 'Zarah Plott', '2022-01-30T04:03:58Z', '6', '37');
INSERT INTO `hired_employees` VALUES ('1752', 'Dennet Plumridge', '2021-10-08T03:28:08Z', '11', '49');
INSERT INTO `hired_employees` VALUES ('1753', 'Victoria Pontain', '2021-02-07T16:29:45Z', '2', '23');
INSERT INTO `hired_employees` VALUES ('1754', 'Aldis Pottes', '2021-09-07T22:00:56Z', '2', '96');
INSERT INTO `hired_employees` VALUES ('1755', 'Cass Poynser', '2021-05-25T17:39:37Z', '2', '69');
INSERT INTO `hired_employees` VALUES ('1756', 'Rickie Prati', '2021-09-10T02:16:45Z', '6', '95');
INSERT INTO `hired_employees` VALUES ('1757', 'Patrizio Presswell', '2021-07-08T20:56:14Z', '4', '91');
INSERT INTO `hired_employees` VALUES ('1758', 'Dyanne Prestney', '2021-06-11T00:56:42Z', '4', '65');
INSERT INTO `hired_employees` VALUES ('1759', 'Stern Prichard', '2021-05-14T13:25:51Z', '6', '120');
INSERT INTO `hired_employees` VALUES ('1760', 'Giuditta Prince', '2021-07-20T03:00:34Z', '9', '96');
INSERT INTO `hired_employees` VALUES ('1761', 'Adi Priscott', '2021-05-23T19:21:04Z', '11', '130');
INSERT INTO `hired_employees` VALUES ('1762', 'Frank Prop', '2021-09-26T15:46:49Z', '7', '59');
INSERT INTO `hired_employees` VALUES ('1763', 'Rozella Purvess', '2021-07-27T21:55:10Z', '7', '79');
INSERT INTO `hired_employees` VALUES ('1764', 'Nancee Pybus', '2021-07-29T04:51:22Z', '3', '119');
INSERT INTO `hired_employees` VALUES ('1765', 'Rosemary Pyson', '2021-02-23T04:36:02Z', '4', '79');
INSERT INTO `hired_employees` VALUES ('1766', 'Constantina Queste', '2021-05-31T05:31:53Z', '8', '82');
INSERT INTO `hired_employees` VALUES ('1767', 'Heinrik Rae', '2022-01-01T04:57:08Z', '4', '76');
INSERT INTO `hired_employees` VALUES ('1768', 'Moises Rainy', '2021-07-02T05:17:36Z', '10', '76');
INSERT INTO `hired_employees` VALUES ('1769', 'Alena Raison', '2021-02-08T01:15:16Z', '4', '22');
INSERT INTO `hired_employees` VALUES ('1770', 'Ally Rakes', '2021-09-11T02:00:56Z', '12', '73');
INSERT INTO `hired_employees` VALUES ('1771', 'Theo Ralston', '2021-06-14T11:21:57Z', '2', '34');
INSERT INTO `hired_employees` VALUES ('1772', 'Loralyn Ramsden', '2021-02-20T18:13:06Z', '12', '73');
INSERT INTO `hired_employees` VALUES ('1773', 'Eloisa Rannald', '2021-11-16T02:34:50Z', '5', '112');
INSERT INTO `hired_employees` VALUES ('1774', 'Agata Raspison', '2022-01-16T17:56:33Z', '8', '129');
INSERT INTO `hired_employees` VALUES ('1775', 'Clarice Ravenscroftt', '2021-07-10T10:31:57Z', '3', '27');
INSERT INTO `hired_employees` VALUES ('1776', 'Cele Rayne', '2022-01-22T02:19:51Z', '4', '61');
INSERT INTO `hired_employees` VALUES ('1777', 'Milo Reach', '2021-05-15T07:32:38Z', '6', '66');
INSERT INTO `hired_employees` VALUES ('1778', 'Ross Reardon', '2021-11-29T15:13:22Z', '5', '30');
INSERT INTO `hired_employees` VALUES ('1779', 'Darwin Reaveley', '2021-03-07T15:25:52Z', '10', '22');
INSERT INTO `hired_employees` VALUES ('1780', 'Annabelle Reilly', '6', '46', '');
INSERT INTO `hired_employees` VALUES ('1781', 'Junina Rembaud', '2022-02-17T00:01:13Z', '6', '22');
INSERT INTO `hired_employees` VALUES ('1782', 'Risa Revance', '2022-01-01T21:41:23Z', '8', '91');
INSERT INTO `hired_employees` VALUES ('1783', 'Herve Ribeiro', '2021-05-13T14:01:00Z', '8', '90');
INSERT INTO `hired_employees` VALUES ('1784', 'Selby Ribeiro', '2021-12-23T02:20:02Z', '6', '89');
INSERT INTO `hired_employees` VALUES ('1785', 'Torey Richardin', '2021-05-31T15:18:58Z', '1', '59');
INSERT INTO `hired_employees` VALUES ('1786', 'Virgie Rickert', '2021-11-16T18:03:24Z', '5', '72');
INSERT INTO `hired_employees` VALUES ('1787', 'Flossi Rillett', '2021-02-03T03:35:09Z', '6', '139');
INSERT INTO `hired_employees` VALUES ('1788', 'Christie Rilston', '2021-06-24T20:52:53Z', '8', '154');
INSERT INTO `hired_employees` VALUES ('1789', 'Jennine Rilton', '2021-04-22T20:43:42Z', '6', '25');
INSERT INTO `hired_employees` VALUES ('1790', 'Emmie Rippingale', '2022-02-18T18:02:41Z', '3', '119');
INSERT INTO `hired_employees` VALUES ('1791', 'Theda Rittelmeyer', '2021-08-25T20:47:09Z', '6', '59');
INSERT INTO `hired_employees` VALUES ('1792', 'Hetty Robilliard', '2022-01-21T11:08:04Z', '2', '34');
INSERT INTO `hired_employees` VALUES ('1793', 'Shanna Robion', '2021-05-31T09:02:52Z', '9', '73');
INSERT INTO `hired_employees` VALUES ('1794', 'Loise Romei', '2021-05-10T05:56:39Z', '3', '115');
INSERT INTO `hired_employees` VALUES ('1795', 'Bonny Ropking', '2021-06-20T14:36:13Z', '8', '65');
INSERT INTO `hired_employees` VALUES ('1796', 'Roxane Roswarn', '2021-03-31T02:28:56Z', '8', '129');
INSERT INTO `hired_employees` VALUES ('1797', 'Rudie Rouchy', '2021-10-01T06:16:46Z', '4', '73');
INSERT INTO `hired_employees` VALUES ('1798', 'Bridie Rowan', '2021-07-24T13:15:28Z', '3', '36');
INSERT INTO `hired_employees` VALUES ('1799', '2021-03-10T07:35:09Z', '8', '111', '');
INSERT INTO `hired_employees` VALUES ('1800', 'Karylin Rubinivitz', '2021-08-12T18:49:22Z', '6', '66');
INSERT INTO `hired_employees` VALUES ('1801', 'Ursala Rubinsohn', '2021-08-09T12:04:53Z', '7', '81');
INSERT INTO `hired_employees` VALUES ('1802', 'Kelley Rudolfer', '2021-05-17T22:42:27Z', '9', '86');
INSERT INTO `hired_employees` VALUES ('1803', 'Vivyanne Ruit', '2021-10-05T13:00:27Z', '10', '60');
INSERT INTO `hired_employees` VALUES ('1804', 'Gracia Ruit', '2021-09-18T23:55:01Z', '4', '64');
INSERT INTO `hired_employees` VALUES ('1805', 'Rudie Rusted', '2022-01-12T11:59:08Z', '4', '65');
INSERT INTO `hired_employees` VALUES ('1806', 'Barth Rutter', '2021-05-10T22:10:37Z', '7', '38');
INSERT INTO `hired_employees` VALUES ('1807', 'Emmet Rycroft', '2021-07-02T23:16:42Z', '8', '155');
INSERT INTO `hired_employees` VALUES ('1808', 'Electra Sabbins', '2021-11-08T10:37:37Z', '7', '46');
INSERT INTO `hired_employees` VALUES ('1809', 'Krishnah Sacher', '2022-02-13T04:03:01Z', '2', '76');
INSERT INTO `hired_employees` VALUES ('1810', 'Lia Saenz', '2022-02-01T01:51:26Z', '9', '38');
INSERT INTO `hired_employees` VALUES ('1811', 'Georgeanna Saggs', '2021-09-21T16:23:23Z', '3', '82');
INSERT INTO `hired_employees` VALUES ('1812', 'Izzy Saintpierre', '2021-12-05T06:48:48Z', '3', '123');
INSERT INTO `hired_employees` VALUES ('1813', 'Betty Sambiedge', '2021-03-04T17:54:57Z', '8', '132');
INSERT INTO `hired_employees` VALUES ('1814', 'Theodore Sammut', '6', '86', '');
INSERT INTO `hired_employees` VALUES ('1815', 'Lucian Samter', '2022-01-29T01:13:55Z', '7', '106');
INSERT INTO `hired_employees` VALUES ('1816', 'Caralie Sapseed', '2021-08-25T16:20:38Z', '8', '116');
INSERT INTO `hired_employees` VALUES ('1817', 'Virge Sarver', '2022-01-21T12:23:15Z', '3', '93');
INSERT INTO `hired_employees` VALUES ('1818', 'Yancy Savaage', '2021-03-08T16:17:01Z', '4', '55');
INSERT INTO `hired_employees` VALUES ('1819', 'Winnah Savage', '2022-01-11T22:50:26Z', '6', '60');
INSERT INTO `hired_employees` VALUES ('1820', 'Myrna Sawden', '2021-04-20T21:32:34Z', '6', '105');
INSERT INTO `hired_employees` VALUES ('1821', 'Lindsay Sayre', '2021-08-10T08:04:48Z', '2', '35');
INSERT INTO `hired_employees` VALUES ('1822', 'Ericha Schapero', '2021-07-12T05:53:34Z', '5', '61');
INSERT INTO `hired_employees` VALUES ('1823', 'Barr Schindler', '2021-11-23T12:25:15Z', '5', '77');
INSERT INTO `hired_employees` VALUES ('1824', 'Kaitlynn Schleswig-Holstein', '2021-04-18T15:11:19Z', '5', '107');
INSERT INTO `hired_employees` VALUES ('1825', 'Daisi Schwartz', '2021-06-18T01:07:26Z', '6', '82');
INSERT INTO `hired_employees` VALUES ('1826', 'Holly Scoffins', '2021-05-05T21:10:33Z', '10', '32');
INSERT INTO `hired_employees` VALUES ('1827', 'Opalina Scopyn', '2021-12-24T00:11:19Z', '10', '68');
INSERT INTO `hired_employees` VALUES ('1828', 'Rickey Scotsbrook', '2021-06-01T01:35:52Z', '1', '125');
INSERT INTO `hired_employees` VALUES ('1829', 'Cory Scragg', '2021-11-15T09:24:55Z', '3', '113');
INSERT INTO `hired_employees` VALUES ('1830', 'Charla Scroxton', '2021-11-23T17:02:47Z', '5', '143');
INSERT INTO `hired_employees` VALUES ('1831', 'Christabella Searby', '2021-10-22T16:30:46Z', '2', '21');
INSERT INTO `hired_employees` VALUES ('1832', 'Letta Search', '2021-10-29T02:35:02Z', '9', '40');
INSERT INTO `hired_employees` VALUES ('1833', 'Essa Seddon', '2022-02-12T16:37:52Z', '5', '57');
INSERT INTO `hired_employees` VALUES ('1834', 'Kurtis Semarke', '2021-08-26T07:52:05Z', '7', '154');
INSERT INTO `hired_employees` VALUES ('1835', 'Coleman Semble', '2021-09-15T03:08:03Z', '4', '52');
INSERT INTO `hired_employees` VALUES ('1836', 'Jorgan Semechik', '2022-02-17T20:01:00Z', '8', '100');
INSERT INTO `hired_employees` VALUES ('1837', 'Wilton Serridge', '2021-08-05T03:41:35Z', '9', '22');
INSERT INTO `hired_employees` VALUES ('1838', 'Sheeree Seston', '2022-01-23T19:30:31Z', '5', '12');
INSERT INTO `hired_employees` VALUES ('1839', 'Camille Seymour', '2022-02-02T23:11:47Z', '6', '9');
INSERT INTO `hired_employees` VALUES ('1840', 'Haily Shackelton', '2021-06-02T23:40:43Z', '6', '65');
INSERT INTO `hired_employees` VALUES ('1841', 'Burlie Shakespeare', '2021-12-16T15:07:37Z', '7', '55');
INSERT INTO `hired_employees` VALUES ('1842', 'Lelah Shaughnessy', '2021-09-14T01:55:50Z', '6', '52');
INSERT INTO `hired_employees` VALUES ('1843', 'Julio Sheavills', '2021-12-26T12:06:57Z', '6', '156');
INSERT INTO `hired_employees` VALUES ('1844', 'Agnesse Sheber', '2021-04-15T14:17:58Z', '5', '18');
INSERT INTO `hired_employees` VALUES ('1845', 'Knox Sherbrooke', '2021-07-07T13:25:43Z', '10', '133');
INSERT INTO `hired_employees` VALUES ('1846', 'Rouvin Sherrett', '2021-05-07T18:31:10Z', '11', '32');
INSERT INTO `hired_employees` VALUES ('1847', 'Myrtia Shervington', '2021-12-01T22:21:26Z', '3', '150');
INSERT INTO `hired_employees` VALUES ('1848', 'Randolph Shorbrook', '2021-10-09T10:12:36Z', '7', '52');
INSERT INTO `hired_employees` VALUES ('1849', 'Melina Shotter', '2021-05-13T12:00:46Z', '11', '34');
INSERT INTO `hired_employees` VALUES ('1850', 'Chryste Sibylla', '2021-05-28T06:27:59Z', '7', '172');
INSERT INTO `hired_employees` VALUES ('1851', 'Karna Sigward', '2021-07-02T22:00:33Z', '3', '146');
INSERT INTO `hired_employees` VALUES ('1852', 'Titus Sikorski', '2021-04-19T05:42:07Z', '10', '102');
INSERT INTO `hired_employees` VALUES ('1853', 'Meryl Sillick', '2021-05-25T23:05:12Z', '2', '145');
INSERT INTO `hired_employees` VALUES ('1854', 'Normie Simcock', '2021-12-24T00:47:20Z', '5', '65');
INSERT INTO `hired_employees` VALUES ('1855', 'Hanna Simek', '2021-11-14T17:36:26Z', '5', '53');
INSERT INTO `hired_employees` VALUES ('1856', 'Quinta Simonds', '2021-05-06T08:05:22Z', '2', '71');
INSERT INTO `hired_employees` VALUES ('1857', 'Joyann Simonnin', '2022-02-02T00:53:43Z', '12', '110');
INSERT INTO `hired_employees` VALUES ('1858', '2021-06-28T03:01:01Z', '6', '144', '');
INSERT INTO `hired_employees` VALUES ('1859', 'Saree Skaif', '2021-08-26T09:56:13Z', '11', '80');
INSERT INTO `hired_employees` VALUES ('1860', 'Marin Slipper', '2022-02-08T10:39:02Z', '4', NULL);
INSERT INTO `hired_employees` VALUES ('1861', 'Ferdinanda Slocomb', '2021-09-08T19:08:49Z', '5', '70');
INSERT INTO `hired_employees` VALUES ('1862', 'Yoko Sloegrave', '2021-06-05T01:00:09Z', '1', '87');
INSERT INTO `hired_employees` VALUES ('1863', 'Rafferty Smalls', '2021-05-16T04:14:22Z', '4', '104');
INSERT INTO `hired_employees` VALUES ('1864', 'Alane Smither', '2021-12-30T17:18:24Z', '6', '115');
INSERT INTO `hired_employees` VALUES ('1865', 'Sebastian Smithin', '2021-04-24T16:53:18Z', '8', '55');
INSERT INTO `hired_employees` VALUES ('1866', 'Nessie Snepp', '2021-06-30T07:29:57Z', '6', '47');
INSERT INTO `hired_employees` VALUES ('1867', 'Betsey Sockell', '2021-03-23T13:05:34Z', '10', '71');
INSERT INTO `hired_employees` VALUES ('1868', 'Josefina Sofe', '2021-06-24T16:10:06Z', '10', '49');
INSERT INTO `hired_employees` VALUES ('1869', 'Cesaro Solomon', '6', '66', '');
INSERT INTO `hired_employees` VALUES ('1870', 'Baldwin Sommerlin', '2021-12-26T08:05:10Z', '3', '81');
INSERT INTO `hired_employees` VALUES ('1871', 'Toiboid Southon', '2021-10-09T12:07:38Z', '4', '43');
INSERT INTO `hired_employees` VALUES ('1872', 'Hedwig Sowrah', '2021-02-25T06:29:29Z', '3', '78');
INSERT INTO `hired_employees` VALUES ('1873', 'Aldous Spadelli', '2021-11-11T15:57:19Z', '10', '151');
INSERT INTO `hired_employees` VALUES ('1874', 'Lorettalorna Spellessy', '2021-12-21T05:42:31Z', '2', '51');
INSERT INTO `hired_employees` VALUES ('1875', 'Florencia Spence', '2021-04-28T22:46:05Z', '4', '154');
INSERT INTO `hired_employees` VALUES ('1876', 'Ignacio Spence', '2021-04-02T03:56:39Z', '1', '136');
INSERT INTO `hired_employees` VALUES ('1877', 'Tadio Spere', '2021-06-05T14:51:06Z', '5', '92');
INSERT INTO `hired_employees` VALUES ('1878', 'Billie Spikeings', '2022-02-08T03:31:23Z', '7', '24');
INSERT INTO `hired_employees` VALUES ('1879', 'Waylin Sponer', '2021-07-19T10:35:56Z', '10', '157');
INSERT INTO `hired_employees` VALUES ('1880', 'Lotti Spyer', '2021-08-26T03:04:00Z', '7', '159');
INSERT INTO `hired_employees` VALUES ('1881', 'Frederich Sreenan', '2022-02-05T17:16:15Z', '5', '92');
INSERT INTO `hired_employees` VALUES ('1882', 'Carleen Stafford', '2021-05-04T05:57:27Z', '12', '119');
INSERT INTO `hired_employees` VALUES ('1883', 'Batholomew Stammirs', '2021-07-27T20:19:52Z', '5', '109');
INSERT INTO `hired_employees` VALUES ('1884', 'Joey Stebbing', '2021-11-30T04:47:29Z', '10', '64');
INSERT INTO `hired_employees` VALUES ('1885', 'Lorne Stennes', '2022-01-02T07:46:09Z', '8', '105');
INSERT INTO `hired_employees` VALUES ('1886', 'Judy Sterzaker', '2021-08-19T06:57:40Z', '4', '100');
INSERT INTO `hired_employees` VALUES ('1887', 'Trudey Stickells', '2021-03-26T18:34:03Z', '4', '58');
INSERT INTO `hired_employees` VALUES ('1888', 'Willetta Stirtle', '2021-07-26T05:22:04Z', '5', '141');
INSERT INTO `hired_employees` VALUES ('1889', 'Sibylla Stittle', '2021-10-10T03:10:42Z', '4', '53');
INSERT INTO `hired_employees` VALUES ('1890', 'Carlina Stivani', '2022-02-02T07:34:10Z', '11', '85');
INSERT INTO `hired_employees` VALUES ('1891', 'Brandy Stoad', '2021-06-03T22:18:40Z', '8', '129');
INSERT INTO `hired_employees` VALUES ('1892', 'Thedrick Stock', '2021-11-10T00:17:04Z', '10', '44');
INSERT INTO `hired_employees` VALUES ('1893', 'Nertie Stoddard', '2021-08-20T05:36:10Z', '5', '53');
INSERT INTO `hired_employees` VALUES ('1894', 'Catina Stops', '2021-12-05T15:55:10Z', '6', '91');
INSERT INTO `hired_employees` VALUES ('1895', 'Adela Storms', '2021-05-08T05:41:35Z', '4', '60');
INSERT INTO `hired_employees` VALUES ('1896', 'Mata Streatfeild', '2021-03-08T05:52:27Z', '7', '72');
INSERT INTO `hired_employees` VALUES ('1897', 'Pasquale Stroton', '2021-11-21T04:49:33Z', '12', '121');
INSERT INTO `hired_employees` VALUES ('1898', 'Amye Stroulger', '2021-02-19T17:55:13Z', '7', '57');
INSERT INTO `hired_employees` VALUES ('1899', 'Helen-elizabeth Suckling', '2021-09-19T23:55:34Z', '9', '133');
INSERT INTO `hired_employees` VALUES ('1900', 'Darb Summersett', '2021-07-02T15:03:10Z', '3', '36');
INSERT INTO `hired_employees` VALUES ('1901', 'Hyacinthie Sushams', '2021-06-02T04:54:47Z', '10', '73');
INSERT INTO `hired_employees` VALUES ('1902', 'Diandra Swainsbury', '2021-06-07T19:10:49Z', '7', '37');
INSERT INTO `hired_employees` VALUES ('1903', 'Carolyn Sweed', '2022-01-30T20:01:50Z', '5', '147');
INSERT INTO `hired_employees` VALUES ('1904', 'Roi Swigger', '2021-03-20T03:39:18Z', '9', '56');
INSERT INTO `hired_employees` VALUES ('1905', 'Lib Swinden', '2021-11-04T12:40:34Z', '8', '34');
INSERT INTO `hired_employees` VALUES ('1906', 'Currie Syder', '2022-01-14T06:07:24Z', '2', '58');
INSERT INTO `hired_employees` VALUES ('1907', 'Maurizio Symons', '2021-03-22T23:25:55Z', '2', '37');
INSERT INTO `hired_employees` VALUES ('1908', 'Roxy Syne', '2021-12-06T20:53:55Z', '7', '58');
INSERT INTO `hired_employees` VALUES ('1909', 'Zebedee Szymanzyk', '2021-12-30T20:25:03Z', '10', '59');
INSERT INTO `hired_employees` VALUES ('1910', 'Bar Taggert', '2021-12-03T14:58:09Z', '10', '75');
INSERT INTO `hired_employees` VALUES ('1911', 'Darill Tant', '2022-02-18T23:51:51Z', '9', '124');
INSERT INTO `hired_employees` VALUES ('1912', 'Ottilie Tapply', '2021-04-19T02:35:41Z', '6', '157');
INSERT INTO `hired_employees` VALUES ('1913', 'Moll Tasch', '2021-08-16T22:46:13Z', '12', '86');
INSERT INTO `hired_employees` VALUES ('1914', 'Freeman Telezhkin', '2021-02-04T09:53:52Z', '4', '105');
INSERT INTO `hired_employees` VALUES ('1915', 'Hyatt Tellenbrok', '2022-01-11T13:51:35Z', '6', '151');
INSERT INTO `hired_employees` VALUES ('1916', 'Nanon Temblett', '2021-10-06T18:49:57Z', '6', '45');
INSERT INTO `hired_employees` VALUES ('1917', 'Gaby Terne', '2021-11-27T18:01:33Z', '8', '56');
INSERT INTO `hired_employees` VALUES ('1918', 'Brooke Thornbarrow', '2021-03-18T23:30:58Z', '2', '121');
INSERT INTO `hired_employees` VALUES ('1919', 'Bobbie Threadgould', '2022-01-09T21:33:32Z', '11', '118');
INSERT INTO `hired_employees` VALUES ('1920', 'Herculie Thrush', '2022-02-03T13:41:48Z', '6', '86');
INSERT INTO `hired_employees` VALUES ('1921', 'Dion Tilburn', '2021-09-14T08:25:13Z', '11', '28');
INSERT INTO `hired_employees` VALUES ('1922', 'Vincents Tillot', '2021-05-24T16:01:27Z', '1', '85');
INSERT INTO `hired_employees` VALUES ('1923', 'Gill Tomasek', '2021-04-21T02:49:22Z', '4', '52');
INSERT INTO `hired_employees` VALUES ('1924', 'Brunhilde Toogood', '2021-11-05T12:57:16Z', '3', '57');
INSERT INTO `hired_employees` VALUES ('1925', 'Cary Tothe', '3', '104', '');
INSERT INTO `hired_employees` VALUES ('1926', 'Kath Tott', '2021-11-20T12:48:00Z', '3', '44');
INSERT INTO `hired_employees` VALUES ('1927', 'Lamond Trevarthen', '2021-08-14T04:24:42Z', '3', '67');
INSERT INTO `hired_employees` VALUES ('1928', 'Leroi Trump', '2021-07-19T05:22:51Z', '8', '60');
INSERT INTO `hired_employees` VALUES ('1929', 'Antonin Truter', '2021-06-02T12:21:45Z', '2', '69');
INSERT INTO `hired_employees` VALUES ('1930', 'Jorrie Trytsman', '2021-04-02T22:45:06Z', '1', '93');
INSERT INTO `hired_employees` VALUES ('1931', 'Wilhelmine Tully', '2021-07-30T06:05:42Z', '4', '138');
INSERT INTO `hired_employees` VALUES ('1932', 'Celeste Tures', '2021-02-07T22:14:01Z', '4', '55');
INSERT INTO `hired_employees` VALUES ('1933', 'Albrecht Tweedy', '2021-07-30T02:42:19Z', '8', '57');
INSERT INTO `hired_employees` VALUES ('1934', 'Spence Twinbourne', '2021-10-04T19:42:20Z', '3', '105');
INSERT INTO `hired_employees` VALUES ('1935', 'Noelle Tythacott', '2022-02-10T06:03:40Z', '12', '116');
INSERT INTO `hired_employees` VALUES ('1936', 'Nelly Tzarkov', '2021-10-03T19:08:31Z', '7', '34');
INSERT INTO `hired_employees` VALUES ('1937', 'Rikki Uccelli', '2021-03-26T20:41:40Z', '9', '58');
INSERT INTO `hired_employees` VALUES ('1938', 'Gillie Ulyatt', '2021-08-28T23:00:16Z', '12', '14');
INSERT INTO `hired_employees` VALUES ('1939', 'Keeley Ungaretti', '2021-06-09T23:54:57Z', '11', '113');
INSERT INTO `hired_employees` VALUES ('1940', 'Klara Valeri', '2022-02-20T21:35:29Z', '8', '65');
INSERT INTO `hired_employees` VALUES ('1941', 'Jennee Van der Merwe', '2021-12-03T21:34:36Z', '7', '114');
INSERT INTO `hired_employees` VALUES ('1942', 'Joaquin Vanyashin', '2021-11-29T11:54:05Z', '4', '44');
INSERT INTO `hired_employees` VALUES ('1943', 'Samson Vasishchev', '2021-03-07T18:20:04Z', '11', '93');
INSERT INTO `hired_employees` VALUES ('1944', 'Rhonda Vasnetsov', '2021-05-04T21:22:06Z', '6', '31');
INSERT INTO `hired_employees` VALUES ('1945', 'Lavinie Vearncomb', '2021-05-11T14:47:22Z', '1', '47');
INSERT INTO `hired_employees` VALUES ('1946', 'Ellsworth Veasey', '2021-05-23T06:27:20Z', '11', '64');
INSERT INTO `hired_employees` VALUES ('1947', 'Paton Veazey', '2021-07-30T09:44:21Z', '11', '153');
INSERT INTO `hired_employees` VALUES ('1948', 'Alexandre Vedyasov', '2021-02-20T20:57:48Z', '1', '131');
INSERT INTO `hired_employees` VALUES ('1949', 'Guinevere Vedyasov', '2021-03-04T12:07:57Z', '7', '29');
INSERT INTO `hired_employees` VALUES ('1950', 'Devy Verny', '2021-11-04T22:27:36Z', '5', '58');
INSERT INTO `hired_employees` VALUES ('1951', 'Beaufort Verny', '2022-01-01T13:12:27Z', '7', '110');
INSERT INTO `hired_employees` VALUES ('1952', 'Krisha Vero', '2022-01-01T23:48:50Z', '6', '58');
INSERT INTO `hired_employees` VALUES ('1953', 'Garwood Verralls', '2022-02-07T23:05:05Z', '10', '76');
INSERT INTO `hired_employees` VALUES ('1954', 'Vevay Vice', '2022-01-04T20:14:24Z', '10', '8');
INSERT INTO `hired_employees` VALUES ('1955', 'Shena Vinall', '2021-08-16T21:25:08Z', '12', '52');
INSERT INTO `hired_employees` VALUES ('1956', 'Brena Vogelein', '2022-01-06T03:39:27Z', '6', '59');
INSERT INTO `hired_employees` VALUES ('1957', 'Jud Vogt', '2021-04-27T11:28:21Z', '9', '50');
INSERT INTO `hired_employees` VALUES ('1958', 'Esdras Voysey', '2022-01-30T12:36:20Z', '7', '95');
INSERT INTO `hired_employees` VALUES ('1959', 'Marylinda Wakeman', '2022-01-04T23:18:04Z', '12', '62');
INSERT INTO `hired_employees` VALUES ('1960', 'Daphene Walkey', '2021-09-13T14:37:43Z', '7', '56');
INSERT INTO `hired_employees` VALUES ('1961', 'Lionello Walthall', '2022-02-12T05:19:44Z', '7', '88');
INSERT INTO `hired_employees` VALUES ('1962', 'Guinna Walworche', '2022-02-07T04:04:34Z', '6', '74');
INSERT INTO `hired_employees` VALUES ('1963', 'Stevie Wapol', '2021-11-27T15:01:22Z', '10', '86');
INSERT INTO `hired_employees` VALUES ('1964', 'Baldwin Warlowe', '2021-11-05T04:46:59Z', '5', '44');
INSERT INTO `hired_employees` VALUES ('1965', 'Lita Watkiss', '2021-04-10T00:47:56Z', '3', '62');
INSERT INTO `hired_employees` VALUES ('1966', 'Gertrud Weaben', '2022-02-02T10:24:52Z', '1', '119');
INSERT INTO `hired_employees` VALUES ('1967', 'Jessee Welbeck', '2021-10-17T17:04:58Z', '7', '41');
INSERT INTO `hired_employees` VALUES ('1968', 'Gunar Wheatcroft', '2021-06-13T12:10:28Z', '2', '67');
INSERT INTO `hired_employees` VALUES ('1969', 'Dulcea Whinray', '2021-10-23T15:12:49Z', '2', '61');
INSERT INTO `hired_employees` VALUES ('1970', 'Eadith Whitington', '2021-08-08T06:06:40Z', '8', '101');
INSERT INTO `hired_employees` VALUES ('1971', 'Katherina Whitton', '2021-12-17T17:49:37Z', '8', '26');
INSERT INTO `hired_employees` VALUES ('1972', 'Bridgette Wickey', '2021-09-12T18:31:04Z', '1', '51');
INSERT INTO `hired_employees` VALUES ('1973', 'Stanleigh Willans', '2022-02-12T05:06:22Z', '5', '131');
INSERT INTO `hired_employees` VALUES ('1974', 'Hewet Willarton', '2021-06-17T20:27:34Z', '5', '128');
INSERT INTO `hired_employees` VALUES ('1975', 'Gina Wilton', '2021-11-15T16:17:51Z', '9', '40');
INSERT INTO `hired_employees` VALUES ('1976', 'Gerrard Windmill', '2021-03-10T08:19:27Z', '6', '74');
INSERT INTO `hired_employees` VALUES ('1977', 'Tremain Withnall', '2021-03-16T01:52:49Z', '8', '72');
INSERT INTO `hired_employees` VALUES ('1978', 'Harwilll Wogden', '2021-08-23T11:30:08Z', '2', '117');
INSERT INTO `hired_employees` VALUES ('1979', 'Marney Wolfart', '2021-12-13T02:36:36Z', '8', '44');
INSERT INTO `hired_employees` VALUES ('1980', 'Crystal Wollen', '2022-01-27T11:51:29Z', '9', '81');
INSERT INTO `hired_employees` VALUES ('1981', 'Hadlee Woodard', '2021-04-29T00:00:37Z', '7', '105');
INSERT INTO `hired_employees` VALUES ('1982', 'Kermy Woofinden', '2021-06-23T20:56:05Z', '9', '91');
INSERT INTO `hired_employees` VALUES ('1983', 'Felicia Wooldridge', '2021-08-09T04:54:47Z', '9', '80');
INSERT INTO `hired_employees` VALUES ('1984', 'Violette Woollin', '2021-08-03T10:11:53Z', '4', '55');
INSERT INTO `hired_employees` VALUES ('1985', 'Erena Wornum', '2022-01-07T13:13:18Z', '2', '97');
INSERT INTO `hired_employees` VALUES ('1986', 'Starla Wreiford', '2021-04-24T14:10:15Z', '4', '148');
INSERT INTO `hired_employees` VALUES ('1987', 'Shaina Wyldish', '2021-12-13T10:05:09Z', '102', '');
INSERT INTO `hired_employees` VALUES ('1988', 'Danya Wyre', '2021-10-12T03:46:10Z', '8', '36');
INSERT INTO `hired_employees` VALUES ('1989', 'Sherrie Yakovliv', '2021-10-12T01:14:30Z', '8', '74');
INSERT INTO `hired_employees` VALUES ('1990', 'Claudian Yandell', '2022-01-24T14:38:23Z', '5', '63');
INSERT INTO `hired_employees` VALUES ('1991', 'Alissa Yanukhin', '2022-01-13T12:54:26Z', '7', '99');
INSERT INTO `hired_employees` VALUES ('1992', 'Tad Yatman', '2021-11-15T06:08:43Z', '3', '68');
INSERT INTO `hired_employees` VALUES ('1993', 'Maggy Yaus', '2021-04-11T12:51:33Z', '7', '80');
INSERT INTO `hired_employees` VALUES ('1994', 'Hedi Yeowell', '2022-01-07T06:21:37Z', '5', '18');
INSERT INTO `hired_employees` VALUES ('1995', 'Goran Yong', '2021-08-22T21:57:53Z', '2', '83');
INSERT INTO `hired_employees` VALUES ('1996', 'Cirstoforo Youings', '2021-04-01T17:48:42Z', '3', '23');
INSERT INTO `hired_employees` VALUES ('1997', 'Wilek Yurkevich', '2021-05-04T12:19:50Z', '2', '132');
INSERT INTO `hired_employees` VALUES ('1998', 'Jerry Yven', '2021-10-03T14:12:50Z', '7', '100');
INSERT INTO `hired_employees` VALUES ('1999', 'Jerri Zebedee', '2022-01-18T10:47:37Z', '8', '80');

-- ----------------------------
-- Table structure for jobs
-- ----------------------------
DROP TABLE IF EXISTS `jobs`;
CREATE TABLE `jobs`  (
  `id` varchar(255) CHARACTER SET utf8mb4 COLLATE utf8mb4_unicode_ci NULL DEFAULT NULL,
  `job` varchar(255) CHARACTER SET utf8mb4 COLLATE utf8mb4_unicode_ci NULL DEFAULT NULL
) ENGINE = InnoDB CHARACTER SET = utf8mb4 COLLATE = utf8mb4_unicode_ci ROW_FORMAT = Dynamic;

-- ----------------------------
-- Records of jobs
-- ----------------------------
INSERT INTO `jobs` VALUES ('1', 'Marketing Assistant');
INSERT INTO `jobs` VALUES ('2', 'VP Sales');
INSERT INTO `jobs` VALUES ('3', 'Biostatistician IV');
INSERT INTO `jobs` VALUES ('4', 'Account Representative II');
INSERT INTO `jobs` VALUES ('5', 'VP Marketing');
INSERT INTO `jobs` VALUES ('6', 'Environmental Specialist');
INSERT INTO `jobs` VALUES ('7', 'Software Consultant');
INSERT INTO `jobs` VALUES ('8', 'Office Assistant III');
INSERT INTO `jobs` VALUES ('9', 'Information Systems Manager');
INSERT INTO `jobs` VALUES ('10', 'Desktop Support Technician');
INSERT INTO `jobs` VALUES ('11', 'Financial Advisor');
INSERT INTO `jobs` VALUES ('12', 'Computer Systems Analyst I');
INSERT INTO `jobs` VALUES ('13', 'Automation Specialist IV');
INSERT INTO `jobs` VALUES ('14', 'Help Desk Technician');
INSERT INTO `jobs` VALUES ('15', 'Office Assistant II');
INSERT INTO `jobs` VALUES ('16', 'VP Quality Control');
INSERT INTO `jobs` VALUES ('17', 'Office Assistant IV');
INSERT INTO `jobs` VALUES ('18', 'Financial Analyst');
INSERT INTO `jobs` VALUES ('19', 'Electrical Engineer');
INSERT INTO `jobs` VALUES ('20', 'Chemical Engineer');
INSERT INTO `jobs` VALUES ('21', 'Social Worker');
INSERT INTO `jobs` VALUES ('22', 'VP Product Management');
INSERT INTO `jobs` VALUES ('23', 'Administrative Officer');
INSERT INTO `jobs` VALUES ('24', 'Paralegal');
INSERT INTO `jobs` VALUES ('25', 'Actuary');
INSERT INTO `jobs` VALUES ('26', 'Database Administrator I');
INSERT INTO `jobs` VALUES ('27', 'Nuclear Power Engineer');
INSERT INTO `jobs` VALUES ('28', 'Database Administrator II');
INSERT INTO `jobs` VALUES ('29', 'GIS Technical Architect');
INSERT INTO `jobs` VALUES ('30', 'Human Resources Assistant IV');
INSERT INTO `jobs` VALUES ('31', 'Marketing Manager');
INSERT INTO `jobs` VALUES ('32', 'Structural Engineer');
INSERT INTO `jobs` VALUES ('33', 'General Manager');
INSERT INTO `jobs` VALUES ('34', 'Chief Design Engineer');
INSERT INTO `jobs` VALUES ('35', 'Senior Quality Engineer');
INSERT INTO `jobs` VALUES ('36', 'Pharmacist');
INSERT INTO `jobs` VALUES ('37', 'Accounting Assistant IV');
INSERT INTO `jobs` VALUES ('38', 'Web Developer I');
INSERT INTO `jobs` VALUES ('39', 'Automation Specialist I');
INSERT INTO `jobs` VALUES ('40', 'Assistant Manager');
INSERT INTO `jobs` VALUES ('41', 'Director of Sales');
INSERT INTO `jobs` VALUES ('42', 'Systems Administrator II');
INSERT INTO `jobs` VALUES ('43', 'Geological Engineer');
INSERT INTO `jobs` VALUES ('44', 'Staff Accountant IV');
INSERT INTO `jobs` VALUES ('45', 'Senior Cost Accountant');
INSERT INTO `jobs` VALUES ('46', 'Geologist IV');
INSERT INTO `jobs` VALUES ('47', 'Graphic Designer');
INSERT INTO `jobs` VALUES ('48', 'Account Executive');
INSERT INTO `jobs` VALUES ('49', 'Staff Scientist');
INSERT INTO `jobs` VALUES ('50', 'VP Accounting');
INSERT INTO `jobs` VALUES ('51', 'Quality Control Specialist');
INSERT INTO `jobs` VALUES ('52', 'Structural Analysis Engineer');
INSERT INTO `jobs` VALUES ('53', 'Food Chemist');
INSERT INTO `jobs` VALUES ('54', 'Systems Administrator IV');
INSERT INTO `jobs` VALUES ('55', 'Software Test Engineer IV');
INSERT INTO `jobs` VALUES ('56', 'Analyst Programmer');
INSERT INTO `jobs` VALUES ('57', 'Clinical Specialist');
INSERT INTO `jobs` VALUES ('58', 'Teacher');
INSERT INTO `jobs` VALUES ('59', 'Budget/Accounting Analyst IV');
INSERT INTO `jobs` VALUES ('60', 'Recruiter');
INSERT INTO `jobs` VALUES ('61', 'Geologist II');
INSERT INTO `jobs` VALUES ('62', 'Associate Professor');
INSERT INTO `jobs` VALUES ('63', 'Executive Secretary');
INSERT INTO `jobs` VALUES ('64', 'Senior Editor');
INSERT INTO `jobs` VALUES ('65', 'Civil Engineer');
INSERT INTO `jobs` VALUES ('66', 'Junior Executive');
INSERT INTO `jobs` VALUES ('67', 'Senior Financial Analyst');
INSERT INTO `jobs` VALUES ('68', 'Programmer IV');
INSERT INTO `jobs` VALUES ('69', 'Biostatistician III');
INSERT INTO `jobs` VALUES ('70', 'Dental Hygienist');
INSERT INTO `jobs` VALUES ('71', 'Statistician II');
INSERT INTO `jobs` VALUES ('72', 'Web Designer I');
INSERT INTO `jobs` VALUES ('73', 'Sales Representative');
INSERT INTO `jobs` VALUES ('74', 'Engineer III');
INSERT INTO `jobs` VALUES ('75', 'Community Outreach Specialist');
INSERT INTO `jobs` VALUES ('76', 'Budget/Accounting Analyst III');
INSERT INTO `jobs` VALUES ('77', 'Database Administrator III');
INSERT INTO `jobs` VALUES ('78', 'Recruiting Manager');
INSERT INTO `jobs` VALUES ('79', 'Programmer III');
INSERT INTO `jobs` VALUES ('80', 'Quality Engineer');
INSERT INTO `jobs` VALUES ('81', 'Health Coach IV');
INSERT INTO `jobs` VALUES ('82', 'Assistant Professor');
INSERT INTO `jobs` VALUES ('83', 'Cost Accountant');
INSERT INTO `jobs` VALUES ('84', 'Software Engineer I');
INSERT INTO `jobs` VALUES ('85', 'Research Assistant II');
INSERT INTO `jobs` VALUES ('86', 'Research Assistant IV');
INSERT INTO `jobs` VALUES ('87', 'Accountant I');
INSERT INTO `jobs` VALUES ('88', 'Accountant IV');
INSERT INTO `jobs` VALUES ('89', 'Account Representative IV');
INSERT INTO `jobs` VALUES ('90', 'Computer Systems Analyst IV');
INSERT INTO `jobs` VALUES ('91', 'Product Engineer');
INSERT INTO `jobs` VALUES ('92', 'Account Coordinator');
INSERT INTO `jobs` VALUES ('93', 'Engineer IV');
INSERT INTO `jobs` VALUES ('94', 'Software Engineer III');
INSERT INTO `jobs` VALUES ('95', 'Web Designer II');
INSERT INTO `jobs` VALUES ('96', 'Health Coach III');
INSERT INTO `jobs` VALUES ('97', 'Media Manager III');
INSERT INTO `jobs` VALUES ('98', 'Librarian');
INSERT INTO `jobs` VALUES ('99', 'Environmental Tech');
INSERT INTO `jobs` VALUES ('100', 'Senior Developer');
INSERT INTO `jobs` VALUES ('101', 'Software Test Engineer I');
INSERT INTO `jobs` VALUES ('102', 'Analog Circuit Design manager');
INSERT INTO `jobs` VALUES ('103', 'Project Manager');
INSERT INTO `jobs` VALUES ('104', 'Occupational Therapist');
INSERT INTO `jobs` VALUES ('105', 'Registered Nurse');
INSERT INTO `jobs` VALUES ('106', 'Operator');
INSERT INTO `jobs` VALUES ('107', 'Legal Assistant');
INSERT INTO `jobs` VALUES ('108', 'Nurse');
INSERT INTO `jobs` VALUES ('109', 'Technical Writer');
INSERT INTO `jobs` VALUES ('110', 'Senior Sales Associate');
INSERT INTO `jobs` VALUES ('111', 'Programmer I');
INSERT INTO `jobs` VALUES ('112', 'Administrative Assistant I');
INSERT INTO `jobs` VALUES ('113', 'Internal Auditor');
INSERT INTO `jobs` VALUES ('114', 'Professor');
INSERT INTO `jobs` VALUES ('115', 'Tax Accountant');
INSERT INTO `jobs` VALUES ('116', 'Data Coordiator');
INSERT INTO `jobs` VALUES ('117', 'Mechanical Systems Engineer');
INSERT INTO `jobs` VALUES ('118', 'Web Developer II');
INSERT INTO `jobs` VALUES ('119', 'Programmer Analyst IV');
INSERT INTO `jobs` VALUES ('120', 'Editor');
INSERT INTO `jobs` VALUES ('121', 'Web Developer III');
INSERT INTO `jobs` VALUES ('122', 'Assistant Media Planner');
INSERT INTO `jobs` VALUES ('123', 'Statistician I');
INSERT INTO `jobs` VALUES ('124', 'Physical Therapy Assistant');
INSERT INTO `jobs` VALUES ('125', 'Nurse Practicioner');
INSERT INTO `jobs` VALUES ('126', 'Budget/Accounting Analyst II');
INSERT INTO `jobs` VALUES ('127', 'Developer II');
INSERT INTO `jobs` VALUES ('128', 'Budget/Accounting Analyst I');
INSERT INTO `jobs` VALUES ('129', 'Accounting Assistant II');
INSERT INTO `jobs` VALUES ('130', 'Programmer Analyst II');
INSERT INTO `jobs` VALUES ('131', 'Help Desk Operator');
INSERT INTO `jobs` VALUES ('132', 'Staff Accountant III');
INSERT INTO `jobs` VALUES ('133', 'Computer Systems Analyst III');
INSERT INTO `jobs` VALUES ('134', 'Developer III');
INSERT INTO `jobs` VALUES ('135', 'Human Resources Manager');
INSERT INTO `jobs` VALUES ('136', 'Payment Adjustment Coordinator');
INSERT INTO `jobs` VALUES ('137', 'Account Representative III');
INSERT INTO `jobs` VALUES ('138', 'Web Designer III');
INSERT INTO `jobs` VALUES ('139', 'Database Administrator IV');
INSERT INTO `jobs` VALUES ('140', 'Safety Technician I');
INSERT INTO `jobs` VALUES ('141', 'Web Designer IV');
INSERT INTO `jobs` VALUES ('142', 'Human Resources Assistant II');
INSERT INTO `jobs` VALUES ('143', 'Health Coach I');
INSERT INTO `jobs` VALUES ('144', 'Safety Technician II');
INSERT INTO `jobs` VALUES ('145', 'Biostatistician II');
INSERT INTO `jobs` VALUES ('146', 'Speech Pathologist');
INSERT INTO `jobs` VALUES ('147', 'Design Engineer');
INSERT INTO `jobs` VALUES ('148', 'Human Resources Assistant III');
INSERT INTO `jobs` VALUES ('149', 'Safety Technician IV');
INSERT INTO `jobs` VALUES ('150', 'Sales Associate');
INSERT INTO `jobs` VALUES ('151', 'Accountant II');
INSERT INTO `jobs` VALUES ('152', 'Developer I');
INSERT INTO `jobs` VALUES ('153', 'Geologist I');
INSERT INTO `jobs` VALUES ('154', 'Statistician III');
INSERT INTO `jobs` VALUES ('155', 'Research Assistant III');
INSERT INTO `jobs` VALUES ('156', 'Developer IV');
INSERT INTO `jobs` VALUES ('157', 'Research Associate');
INSERT INTO `jobs` VALUES ('158', 'Accounting Assistant I');
INSERT INTO `jobs` VALUES ('159', 'Media Manager IV');
INSERT INTO `jobs` VALUES ('160', 'Media Manager II');
INSERT INTO `jobs` VALUES ('161', 'Software Test Engineer III');
INSERT INTO `jobs` VALUES ('162', 'Compensation Analyst');
INSERT INTO `jobs` VALUES ('163', 'Research Nurse');
INSERT INTO `jobs` VALUES ('164', 'Administrative Assistant III');
INSERT INTO `jobs` VALUES ('165', 'Computer Systems Analyst II');
INSERT INTO `jobs` VALUES ('166', 'Accountant III');
INSERT INTO `jobs` VALUES ('167', 'Administrative Assistant II');
INSERT INTO `jobs` VALUES ('168', 'Staff Accountant II');
INSERT INTO `jobs` VALUES ('169', 'Accounting Assistant III');
INSERT INTO `jobs` VALUES ('170', 'Media Manager I');
INSERT INTO `jobs` VALUES ('171', 'Safety Technician III');
INSERT INTO `jobs` VALUES ('172', 'Engineer I');
INSERT INTO `jobs` VALUES ('173', 'Research Assistant I');
INSERT INTO `jobs` VALUES ('174', 'Software Engineer IV');
INSERT INTO `jobs` VALUES ('175', 'Business Systems Development Analyst');
INSERT INTO `jobs` VALUES ('176', 'Biostatistician I');
INSERT INTO `jobs` VALUES ('177', 'Health Coach II');
INSERT INTO `jobs` VALUES ('178', 'Staff Accountant I');
INSERT INTO `jobs` VALUES ('179', 'Software Engineer II');
INSERT INTO `jobs` VALUES ('180', 'Statistician IV');
INSERT INTO `jobs` VALUES ('181', 'Programmer Analyst I');
INSERT INTO `jobs` VALUES ('182', 'Account Representative I');
INSERT INTO `jobs` VALUES ('183', 'Administrative Assistant IV');

SET FOREIGN_KEY_CHECKS = 1;
